Property Address,City,State,Zip,For Sale Price,Land Area (AC),Latitude,Longitude,Zoning,County Name,Proposed Land Use,Owner Name,Sale Company Name,Sale Company Contact,Sale Company Phone,Sale Company Fax,Last Sale Date,Last Sale Price,In SFHA,Fema Flood Zone,FEMA Map Date,Floodplain Area,% Pop Grwth 2020-2024(5m),% Pop Grwth 2024-2029(5m),% Pop Grwth 2020-2024(10m),% Pop Grwth 2024-2029(10m),2000 Population(3m),2020 Population(3m),2024 Population(3m),2029 Population(3m),2000 Population(5m),2020 Population(5m),2024 Population(5m),2029 Population(5m),2000 Population(10m),2020 Population(10m),2024 Population(10m),2029 Population(10m),2020 Med HH Inc(3m),2024 Avg HH Inc(3m),2024 Med HH Inc(3m),2029 Avg HH Inc(3m),2029 Med HH Inc(3m),2020 Med HH Inc(5m),2024 Avg HH Inc(5m),2024 Med HH Inc(5m),2029 Avg HH Inc(5m),2029 Med HH Inc(5m),2020 Med HH Inc(10m),2024 Avg HH Inc(10m),2024 Med HH Inc(10m),2029 Avg HH Inc(10m),2029 Med HH Inc(10m),"2024 Home Value $1,000,000+(3m)","2024 Home Value $100,000-200,000(3m)","2024 Home Value $200,000-300,000(3m)","2024 Home Value $300,000-400,000(3m)","2024 Home Value $400,000-500,000(3m)","2024 Home Value $500,000-1,000,000(3m)","2024 Home Value <100,000(3m)","2029 Home Value $1,000,000+(3m)","2029 Home Value $100,000-200,000(3m)","2029 Home Value $200,000-300,000(3m)","2029 Home Value $300,000-400,000(3m)","2029 Home Value $400,000-500,000(3m)","2029 Home Value $500,000-1,000,000(3m)","2029 Home Value <100,000(3m)",2024 Median Home Value(3m),2029 Median HH Value(3m),"2024 Home Value $1,000,000+(5m)","2024 Home Value $100,000-200,000(5m)","2024 Home Value $200,000-300,000(5m)","2024 Home Value $300,000-400,000(5m)","2024 Home Value $400,000-500,000(5m)","2024 Home Value $500,000-1,000,000(5m)","2024 Home Value <100,000(5m)","2029 Home Value $1,000,000+(5m)","2029 Home Value $100,000-200,000(5m)","2029 Home Value $200,000-300,000(5m)","2029 Home Value $300,000-400,000(5m)","2029 Home Value $400,000-500,000(5m)","2029 Home Value $500,000-1,000,000(5m)","2029 Home Value <100,000(5m)",2024 Median Home Value(5m),2029 Median HH Value(5m),"2024 Home Value $1,000,000+(10m)","2024 Home Value $100,000-200,000(10m)","2024 Home Value $200,000-300,000(10m)","2024 Home Value $300,000-400,000(10m)","2024 Home Value $400,000-500,000(10m)","2024 Home Value $500,000-1,000,000(10m)","2024 Home Value <100,000(10m)","2029 Home Value $1,000,000+(10m)","2029 Home Value $100,000-200,000(10m)","2029 Home Value $200,000-300,000(10m)","2029 Home Value $300,000-400,000(10m)","2029 Home Value $400,000-500,000(10m)","2029 Home Value $500,000-1,000,000(10m)","2029 Home Value <100,000(10m)",2024 Median Home Value(10m),2029 Median HH Value(10m),% HU Grwth 2020-2024(3m),% HU Grwth 2020-2024(5m),% HU Grwth 2020-2024(10m),date,Market,TotPop_5,TotPop_10,TotPop_15,TotPop_20,TotPop_25,Age0_4_5,Age0_4_10,Age0_4_15,Age0_4_20,Age0_4_25,Age5_9_5,Age5_9_10,Age5_9_15,Age5_9_20,Age5_9_25,Age10_14_5,Age10_14_10,Age10_14_15,Age10_14_20,Age10_14_25,Age15_19_5,Age15_19_10,Age15_19_15,Age15_19_20,Age15_19_25,TotHUs_5,TotHUs_10,TotHUs_15,TotHUs_20,TotHUs_25,MedianGrossRent_5,MedianGrossRent_10,MedianGrossRent_15,MedianGrossRent_20,MedianGrossRent_25,Age20_24_5,Age20_24_10,Age20_24_15,Age20_24_20,Age20_24_25,Age25_34_5,Age25_34_10,Age25_34_15,Age25_34_20,Age25_34_25,Age35_44_5,Age35_44_10,Age35_44_15,Age35_44_20,Age35_44_25,Age45_54_5,Age45_54_10,Age45_54_15,Age45_54_20,Age45_54_25,Age55_59_5,Age55_59_10,Age55_59_15,Age55_59_20,Age55_59_25,Age60_64_5,Age60_64_10,Age60_64_15,Age60_64_20,Age60_64_25,Age65_74_5,Age65_74_10,Age65_74_15,Age65_74_20,Age65_74_25,Age75_84_5,Age75_84_10,Age75_84_15,Age75_84_20,Age75_84_25,Over85_5,Over85_10,Over85_15,Over85_20,Over85_25,OccHUs_5,OccHUs_10,OccHUs_15,OccHUs_20,OccHUs_25,OwnerOcc_5,OwnerOcc_10,OwnerOcc_15,OwnerOcc_20,OwnerOcc_25,RenterOcc_5,RenterOcc_10,RenterOcc_15,RenterOcc_20,RenterOcc_25,Mobile homes per 1000 HU,AvgGrossRent_5,AvgGrossRent_10,AvgGrossRent_15,AvgGrossRent_20,AvgGrossRent_25,Nearest_Walmart_Address,Nearest_Walmart_Distance_Miles,Nearest_Walmart_Travel_Time_Minutes
County Route 59,Phoenix,NY,13135,2400000.0,305.0,43.2507847,-76.3115493,I,Oswego,Industrial,,"Operation Oswego County, Inc.",Austin Wheelock,3155321277.0,,,,No,"Area of moderate flood hazard, usually the area between the limits of the 100-year and 500-year floods.",01/01/1900,100-year and 500-year Floodplain,-2.04,-1.26,-2.94,-1.91,6360,5812,5680,5635,17225,17482,17125,16909,110734,117492,114040,111859,69765,79363,66767,76612,64913,78696,92079,72062,88368,69062,72876,93586,71939,92382,70429,7,696,283,140,1,145,407,7,689,279,139,1,145,405,162140,162046,85,2075,1259,662,77,290,920,86,2045,1236,649,75,288,916,185011,184669,262,14516,7520,2861,704,1137,6125,259,14189,7324,2789,686,1120,6038,171903,171636,-2.37,-2.21,-3.18,2025-02-24,Upstate NY,17185.0,117520.0,268812.0,523717.0,605487.0,811.9,6572.5,14446.8,28336.0,32911.5,845.8,6824.1,15457.7,29852.2,34168.0,1278.6,7933.3,17283.8,32332.6,37080.1,927.3,6325.8,14430.5,39419.0,44295.5,7619.0,51785.0,120728.0,236016.0,273546.0,1105.0,1158.0,1105.0,1047.0,1045.0,897.3,6704.4,14733.6,36409.0,40145.3,1638.8,14214.8,33699.9,69286.4,77967.4,1919.7,14953.2,34589.0,61883.2,71666.5,2259.3,15141.4,34083.9,60781.9,71070.8,1905.4,8780.8,19919.1,35331.5,41426.4,1301.4,8925.3,21104.2,37995.9,45002.9,2091.0,13046.6,30166.7,55353.4,65282.1,959.9,5653.2,13106.5,25082.5,30588.2,348.8,2444.5,5790.6,11653.9,13882.1,7211.0,48869.0,113752.0,215550.0,249089.0,5662.0,35187.0,82132.0,140993.0,167481.0,1549.0,13682.0,31619.0,74557.0,81609.0,58.0,1182.0,1170.0,1136.0,1104.0,1105.0,"6438 Basile Rowe, East Syracuse",23.3,25.95
6608 Crosby Rd,Alabama,NY,14013,,310.0,43.0927429,-78.4067356,TD,Genesee,"Commercial, Distribution, Hold for Development, Industrial, Industrial Live/Work Unit, Industrial Park, Master Planned Community, Medical, Mixed Use, Office, Office Park, Open Space, R&D, Retail Warehouse, Warehouse",,Genesee County Economic Development Center,Chris Suozzi,5853434866.0,5853430848.0,,,No,,,,2.84,-0.74,-1.61,-1.5,1282,946,995,992,3400,2751,2829,2808,34661,32730,32202,31719,63088,73525,66021,72750,66400,64149,77923,66609,77869,66947,61674,77846,62408,77784,62060,4,155,45,7,2,5,117,4,155,45,7,2,5,117,132580,132580,6,405,145,28,59,24,289,6,402,144,28,58,24,286,146666,146766,88,3464,1770,820,483,316,3065,86,3407,1749,805,484,317,3011,155946,156310,5.31,2.62,-1.7,2025-02-24,Upstate NY,3017.0,33852.0,131321.0,333193.0,765691.0,105.5,1671.0,5827.9,16542.6,40276.0,176.0,1884.1,7128.5,18276.1,42294.4,246.6,2399.5,8659.0,19815.2,43497.9,206.0,1845.6,6605.3,19248.4,47151.3,1262.0,15207.0,58279.0,146356.0,344271.0,829.0,852.0,895.0,1120.0,1066.0,129.9,1598.8,6608.8,17436.1,49411.2,306.8,4123.2,15564.6,37829.3,101271.5,424.6,3987.8,16211.0,40983.4,92617.2,362.2,4232.6,17104.9,41377.4,89856.4,285.2,2735.6,10596.5,26019.6,56190.1,236.4,2851.5,10384.3,25228.9,54918.3,324.7,4040.0,15955.0,40400.5,86873.4,157.5,1852.7,7385.2,20466.4,42159.5,55.8,629.9,3289.6,9569.1,19173.4,1218.0,14114.0,54708.0,137615.0,323232.0,1028.0,10800.0,41316.0,105733.0,229822.0,190.0,3313.0,13391.0,31883.0,93410.0,77.0,848.0,901.0,957.0,1192.0,1126.0,"5360 Southwestern Blvd, Hamburg",43.9,46.48
2200 Hencle Blvd,Baldwinsville,NY,13027,8000000.0,123.5,43.184868,-76.351201,Industrial,Onondaga,Warehouse,,Cushman & Wakefield | Pyramid Brokerage Company,Christopher Savage,3154451030.0,3154452074.0,,,No,"Area of moderate flood hazard, usually the area between the limits of the 100-year and 500-year floods.",11/04/2016,100-year and 500-year Floodplain,-2.91,-2.34,-3.11,-2.3,13430,16366,15989,15618,32332,38889,37757,36872,115041,121145,117375,114680,84214,102679,79195,100989,76931,78489,104478,79463,103845,78314,74045,94997,73086,94300,71962,0,1824,1506,562,220,66,299,0,1774,1461,546,214,64,292,207669,207495,37,4133,3066,1491,437,403,1251,37,4017,2980,1447,426,397,1218,200815,200872,283,15771,8382,3044,754,1070,4912,281,15344,8120,2960,737,1051,4815,177331,177156,-1.99,-3.16,-3.27,2025-02-24,Upstate NY,38515.0,121429.0,375171.0,537234.0,639786.0,1923.8,6665.4,20990.0,29292.6,34768.6,2207.4,7193.1,21922.5,30683.8,36176.2,3019.1,7689.2,24749.9,33258.7,39047.2,1992.1,6499.9,24268.3,38475.6,46057.0,16939.0,54195.0,170118.0,241905.0,289232.0,1218.0,1199.0,1055.0,1048.0,1039.0,2025.1,7052.4,22744.4,35385.2,42089.8,4364.4,14526.6,50932.6,70547.2,82106.2,4750.1,15799.2,46627.1,63876.1,76638.6,4710.0,15082.2,44478.6,63103.0,74692.2,3236.5,8923.7,25548.6,36402.3,43674.8,3102.8,9464.4,28250.4,39627.2,47708.1,4507.4,13826.9,39525.1,57624.8,69168.5,1816.1,6181.1,17198.0,26649.1,32820.5,860.2,2525.1,7935.1,12308.6,14837.8,16118.0,51460.0,157443.0,221805.0,263365.0,11419.0,36691.0,101867.0,146906.0,177214.0,4699.0,14769.0,55576.0,74900.0,86152.0,30.0,1237.0,1223.0,1096.0,1106.0,1099.0,"6438 Basile Rowe, East Syracuse",21.35,24.62
1 Horseshoe Blvd,Avon,NY,14414,,82.0,42.9181542,-77.7503514,6,Livingston,Industrial,,Benchmark Realty Advisors,Adam Rooney,5854899512.0,,08/11/2023 00:00:00,,No,,,,-3.8,-1.48,-1.79,-1.26,5623,5285,5100,5029,8654,8202,7890,7773,49460,56056,55052,54361,69681,91992,72072,92408,72697,67172,91368,68605,91642,69007,76001,94850,76586,94601,75857,17,809,371,42,9,17,207,17,796,365,42,9,17,204,165389,165452,23,1212,614,139,14,22,420,23,1191,604,138,14,22,414,166171,166246,155,7369,4617,1418,466,438,1570,155,7259,4544,1400,463,435,1546,187480,187546,-3.84,-4.07,-1.76,2025-02-24,Upstate NY,8259.0,59146.0,175874.0,550095.0,889279.0,383.6,2971.8,8552.5,29108.5,45703.6,324.7,3262.0,9185.2,29647.5,48266.3,507.8,2802.2,8714.3,31876.3,53316.0,499.5,4924.2,15556.0,40775.8,60507.0,3591.0,24714.0,73031.0,247462.0,402029.0,908.0,1120.0,1179.0,1126.0,1122.0,566.6,5678.1,15510.2,41560.3,59713.9,986.5,6510.4,20635.1,77282.0,119682.2,982.9,7016.5,19566.9,66108.7,107538.9,1079.2,6673.0,20368.3,62882.5,105302.3,595.3,4221.2,13010.1,38900.7,62725.5,607.2,4122.8,12237.1,35805.4,61159.8,1121.7,6637.5,19346.4,56045.5,96280.5,443.4,3188.5,9007.9,27468.7,46956.0,160.5,1137.6,4184.4,12632.7,22126.7,3468.0,23001.0,68432.0,228115.0,373863.0,2563.0,16693.0,50786.0,138551.0,242235.0,905.0,6308.0,17646.0,89564.0,131628.0,83.0,1063.0,1180.0,1246.0,1210.0,1197.0,"1200 Marketplace Dr, Rochester",14.82,20.35
4480 Lafayette Rd,Jamesville,NY,13078-9837,3500000.0,84.24,42.986134,-76.125303,C,Onondaga,"Agribusiness, MultiFamily, Single Family Development",,Hospitality Associates,John Christopher,3155691227.0,,,,No,"Area of moderate flood hazard, usually the area between the limits of the 100-year and 500-year floods.",11/04/2016,100-year and 500-year Floodplain,-0.01,-1.79,-2.11,-2.32,40127,41285,41522,40825,126513,128137,128118,125821,307812,314791,308164,301022,49649,73387,49638,73929,49342,46607,71331,46789,71681,46706,57688,80894,58690,81273,58634,121,2041,960,906,663,441,2969,120,1988,934,882,648,431,2915,152988,152515,220,6649,4068,1933,1098,936,6044,217,6478,3959,1876,1076,913,5920,166626,166370,531,28386,14219,5231,2334,2640,15978,523,27576,13816,5087,2279,2570,15570,165812,165783,1.32,1.86,-1.55,2025-02-24,Upstate NY,125227.0,311748.0,444720.0,516876.0,609301.0,7006.1,17490.2,24383.0,28244.0,32831.1,6533.6,17590.7,25226.8,29025.1,33645.1,6964.5,18623.0,26797.3,31830.3,37009.8,15810.6,25151.9,33202.0,36719.6,41976.3,54432.0,141355.0,199166.0,232570.0,276495.0,1008.0,1035.0,1053.0,1061.0,1044.0,13108.6,22927.5,30430.4,33840.5,38876.4,17219.3,42550.1,58232.0,66235.2,77145.9,12703.1,36372.4,53641.4,61828.8,73505.8,11640.0,34462.5,51063.6,60655.0,71797.1,6776.6,19011.9,28321.9,34452.4,42074.6,7194.2,21975.3,33159.1,38770.1,46689.0,11736.3,31953.0,47214.5,56207.7,67224.3,5631.5,15499.8,22463.1,26885.8,32273.8,2902.9,8139.4,10584.6,12181.6,14251.9,47685.0,128919.0,183175.0,213072.0,252095.0,23651.0,77490.0,119568.0,142812.0,171114.0,24035.0,51429.0,63607.0,70260.0,80981.0,9.0,1107.0,1107.0,1118.0,1121.0,1101.0,"6438 Basile Rowe, East Syracuse",10.16,17.5
135 W Main St,Honeoye Falls,NY,14472,,276.0,42.953605,-77.6017551,C,Monroe,Commercial,,LLD Enterprises,David Dworkin,5852443575.0,5854733555.0,,,No,"Area of moderate flood hazard, usually the area between the limits of the 100-year and 500-year floods.",01/01/1900,100-year and 500-year Floodplain,-2.83,-1.49,-1.22,-1.17,6697,7038,7010,6934,13949,14630,14216,14004,98434,113049,111669,110362,89876,111158,92214,110169,92512,89183,112040,91697,111445,92072,87267,115039,90106,115292,90061,0,686,640,327,242,98,118,0,680,630,322,238,96,117,239296,238809,4,1548,1331,714,472,217,290,4,1529,1305,698,461,213,285,233809,233218,192,11924,8474,4479,2644,2087,1684,191,11765,8343,4412,2614,2064,1654,225183,225201,0.1,-2.64,-1.39,2025-02-24,Upstate NY,14752.0,110949.0,436005.0,779181.0,920632.0,784.6,5031.1,21070.8,41181.6,47712.5,804.4,5933.1,22817.2,42330.0,50470.6,813.4,6180.5,24847.9,46605.7,55524.7,1036.4,9658.1,31111.2,53016.5,60845.0,6112.0,44730.0,197520.0,352354.0,415511.0,1061.0,1286.0,1178.0,1144.0,1134.0,666.8,8817.1,32014.1,52517.1,60193.6,943.7,11417.9,60730.4,105806.4,122492.3,1975.8,12543.2,53166.9,94846.1,111984.2,2107.0,13998.8,50637.4,92096.7,109950.1,1249.7,8306.6,31984.4,55013.8,64598.8,1184.3,7817.5,28318.5,52846.7,64184.2,1906.8,12499.2,46374.6,82920.7,100887.8,855.7,6070.0,22570.0,40799.0,49231.9,423.4,2676.1,10361.8,19200.7,22556.0,5898.0,42563.0,183834.0,328198.0,386944.0,4798.0,33014.0,114271.0,209003.0,254736.0,1099.0,9549.0,69562.0,119195.0,132208.0,64.0,1067.0,1346.0,1256.0,1224.0,1210.0,"1200 Marketplace Dr, Rochester",12.81,18.85
E Molloy Rd,Syracuse,NY,13211,6800000.0,84.636409,43.098297,-76.1005475,HI-TECH,Onondaga,"Commercial, Hospitality, Medical, Office Park, R&D",,JC Kelsen Real Estate Opportunities,Jeff Kelsen,3154473430.0,,,,Yes,The base floodplain where base flood elevations are provided. AE Zones are now used on new format FIRMs instead of A1-A30 Zones.,11/04/2016,100-year Floodplain,-2.86,-2.45,-2.23,-2.34,54684,53885,51400,49900,169292,174885,169890,165721,379703,391582,382867,373900,57017,71281,57851,71725,57819,53199,70343,54305,70825,54346,61686,83572,62570,83737,62256,14,6256,1114,622,165,271,5257,14,6056,1092,604,160,260,5096,125455,125512,149,16842,5392,1340,386,928,9253,147,16314,5245,1301,376,900,8993,146859,146861,741,41216,19438,6425,2483,3037,18090,729,40031,18891,6246,2432,2959,17656,167024,166987,-4.84,-1.76,-1.8,2025-02-24,Upstate NY,172753.0,387558.0,475243.0,531106.0,605014.0,8786.7,21745.3,26103.1,28980.3,32671.9,9382.7,22200.2,27054.8,29861.2,33747.8,10459.3,23397.6,29318.5,32575.5,37157.4,14781.7,29456.3,34291.9,37464.5,41673.4,80006.0,174213.0,212914.0,238400.0,273909.0,1007.0,1053.0,1062.0,1060.0,1046.0,13490.8,27131.1,31656.3,34591.5,38535.2,25955.8,52750.4,62048.8,68028.0,76463.0,20366.2,46934.1,57240.2,63790.6,72254.9,19209.9,44522.4,55518.8,62585.7,72221.9,10086.5,23618.1,31268.3,36147.4,42213.8,12308.6,27942.2,35274.5,40006.3,46088.2,16701.2,39560.8,50468.1,57535.7,66893.2,7861.5,19261.3,23780.9,27183.8,30969.5,3361.8,9038.1,11218.5,12355.0,14124.1,73211.0,160064.0,196235.0,218815.0,250043.0,39786.0,100335.0,128585.0,147735.0,171177.0,33425.0,59729.0,67651.0,71081.0,78865.0,5.0,1076.0,1117.0,1122.0,1121.0,1103.0,"6438 Basile Rowe, East Syracuse",4.44,12.32
976 NY-13,Williamstown,NY,13493,4315000.0,607.0,43.4430933,-75.9219228,,Oswego,Agribusiness,,"Brixwood, LLC",Jason Beck,5852042182.0,,,,No,"Area of moderate flood hazard, usually the area between the limits of the 100-year and 500-year floods.",06/18/2013,100-year and 500-year Floodplain,7.43,2.03,2.02,0.33,678,961,1045,1070,1777,2114,2271,2317,10763,10321,10529,10564,60523,63983,55588,63067,55142,59721,64457,56644,63572,56168,59385,69193,57499,68340,57115,0,87,42,22,0,20,151,0,89,43,22,0,21,154,111494,111798,0,203,86,36,0,41,345,0,208,89,37,0,42,352,105172,105769,5,1302,396,116,6,71,1501,5,1307,399,116,6,72,1507,115169,115226,8.55,7.31,2.12,2025-02-24,Upstate NY,2455.0,9775.0,36465.0,79322.0,176054.0,190.1,645.5,2031.7,4411.4,9243.2,150.5,569.4,1910.9,4607.6,9804.5,148.1,574.9,2077.0,5046.3,10985.6,203.9,699.1,2163.8,4457.6,9836.0,1576.0,5301.0,18447.0,38709.0,81617.0,948.0,972.0,899.0,952.0,1044.0,82.7,389.6,1827.9,3721.9,8867.0,312.3,1232.1,4339.8,9228.7,21135.5,236.0,1061.8,4206.9,9123.1,21080.4,393.3,1406.3,4800.6,10549.3,23538.3,209.9,821.4,3193.8,7030.0,14618.8,191.6,728.4,2854.3,6415.2,14495.6,207.1,1028.2,4648.9,9304.5,20128.5,118.7,490.2,1785.0,4053.3,9303.1,11.2,128.3,623.9,1373.4,3017.5,936.0,3941.0,15176.0,32173.0,71970.0,812.0,3405.0,12737.0,26722.0,59316.0,124.0,536.0,2439.0,5451.0,12654.0,233.0,944.0,993.0,996.0,998.0,1077.0,"8770 Dell Center Dr, Liverpool",40.78,42.25
8053 Oak Orchard Rd.,Batavia,NY,14020-1015,,100.0,43.0222267,-78.1872935,,Genesee,"Commercial, Industrial",,Mancuso Commercial Realty,Anthony Mancuso,5853435257.0,5853435550.0,,,No,,,,-2.81,-1.92,-2.38,-1.78,19004,18890,18173,17757,25118,24655,23963,23502,40740,39877,38927,38235,54049,70555,54898,71183,55155,56405,74180,58006,74935,58379,60995,77698,62153,78115,62226,25,1671,659,99,54,61,1603,23,1643,660,96,53,61,1553,128905,129914,28,2527,1022,194,95,70,2118,26,2494,1023,189,93,70,2062,135971,136748,81,4790,1817,310,186,136,3480,77,4724,1806,303,183,135,3399,140083,140527,-3.71,-2.78,-2.36,2025-02-24,Upstate NY,24071.0,39823.0,74529.0,160265.0,323613.0,1081.1,2014.9,3682.5,7966.9,16082.6,1265.0,2142.6,3871.5,8062.2,16995.2,1457.5,2510.5,4479.8,9267.5,18326.3,1204.9,2210.2,4182.3,9976.1,21245.0,11619.0,18174.0,32571.0,69604.0,139244.0,932.0,924.0,916.0,916.0,1025.0,1385.3,2192.9,4050.0,10081.2,19941.5,3126.0,5058.2,9483.4,20165.5,38644.5,2958.1,4770.0,9203.9,19227.5,38386.3,3099.9,4975.5,9323.3,19258.5,39119.9,1676.6,2880.1,5933.4,12944.7,25634.7,1614.0,3007.4,5875.1,12482.7,25388.9,2855.3,4635.4,8420.3,18474.0,38139.5,1512.5,2336.8,4220.8,8861.9,18108.2,835.0,1088.6,1803.2,3496.6,7600.2,11084.0,17320.0,30837.0,65179.0,130493.0,7098.0,12266.0,23341.0,48507.0,100327.0,3986.0,5054.0,7496.0,16672.0,30166.0,47.0,958.0,956.0,942.0,966.0,1074.0,"1200 Marketplace Dr, Rochester",32.42,33.57
345 Orton Rd,Pulaski,NY,13142-2592,1299000.0,467.0,43.600724,-76.094688,No zoning. Can apply.,Oswego,"Agribusiness, Agricultural, Apartment Units, Apartment Units - Senior, Auto Dealership, Commercial, Community Center, Contractor Storage Yard, Day Care Center, Fast Food, Food Processing, Garden Center, Golf Course/Driving Range, Health Care, Health Club, Hold for Development, Hold for Investment, Horse Stables, Industrial Live/Work Unit, Loft/Creative Space, Lumberyard, Manuftrd Hms/Mobl Hm Prk, Mixed Use, MultiFamily, Rehabilitation Center, Self-Storage, Single Family Development, Single Family Residence, Timberland, Trailer/Camper Park, Veterinarian/Kennel",Shapiroland Corp,Moet Properties LTD,Meira Shapiro,9177349097.0,,,,No,"Area of moderate flood hazard, usually the area between the limits of the 100-year and 500-year floods.",06/18/2013,100-year and 500-year Floodplain,0.04,0.0,2.65,0.34,3511,3322,3205,3183,7725,7453,7456,7456,16098,15284,15689,15742,57266,74168,51588,72467,50523,60027,75611,58676,74805,58382,62945,78204,64305,77854,64270,3,402,171,4,5,42,230,3,400,170,4,5,42,228,149378,149500,5,1022,418,76,10,71,585,5,1026,420,80,10,71,583,149755,150146,26,2151,840,231,69,131,1501,26,2169,849,240,68,132,1498,145258,145781,-4.04,0.49,3.29,2025-02-24,Upstate NY,8051.0,15050.0,29029.0,50283.0,110869.0,437.7,815.8,1535.5,2558.8,5618.6,377.7,814.0,1677.3,3020.9,6681.3,527.7,1036.8,1976.7,3364.3,6824.9,427.5,963.2,1833.3,3047.2,8075.4,4527.0,8361.0,15674.0,26253.0,54099.0,818.0,839.0,849.0,871.0,974.0,422.1,685.4,1322.9,2383.7,7219.1,1019.0,1772.9,3408.2,5834.8,13060.5,969.2,1871.7,3473.4,6095.0,12979.7,993.5,1823.4,3796.9,6598.4,13914.2,583.7,1183.0,2303.1,4142.5,8335.2,598.7,1127.4,2060.2,3746.7,8026.7,972.3,1759.1,3312.8,5682.9,12084.4,630.6,1004.5,1844.6,3030.1,5887.2,91.0,192.9,484.5,777.2,2161.7,3378.0,6132.0,11827.0,20372.0,44793.0,2375.0,4777.0,9471.0,16909.0,33556.0,1003.0,1356.0,2356.0,3463.0,11237.0,140.0,848.0,900.0,925.0,980.0,1053.0,"8770 Dell Center Dr, Liverpool",46.32,43.82
559 State Route 31,Macedon,NY,14502-9107,,94.63,43.0681172,-77.3489581,GC,Wayne,"Industrial, Industrial Park, Office, Office Park, Retail",,CBRE Upstate NY,Patrick Wahl,5852408080.0,5852408088.0,,,No,,,,-1.68,-1.13,-1.13,-1.01,8663,10226,9938,9819,34551,39762,39094,38653,160097,176513,174521,172764,93807,112113,92079,111205,90930,99752,122148,99497,120665,97597,90564,118019,92270,117618,91374,1,1392,773,457,188,62,232,1,1376,761,448,185,61,233,194863,194439,7,4251,4215,1910,859,652,425,7,4199,4166,1880,851,647,426,235195,235117,443,16686,16603,9540,4330,3294,3991,438,16478,16404,9423,4285,3268,3958,240754,240788,-2.9,-1.89,-1.38,2025-02-24,Upstate NY,41431.0,177805.0,497487.0,759152.0,911655.0,2136.2,8881.6,24120.9,39836.3,47618.3,2284.0,10430.6,26646.8,42301.9,50568.4,2411.4,11957.9,29793.5,46642.0,54927.6,2500.2,10775.3,29662.1,49576.8,59657.5,17837.0,75871.0,228146.0,344218.0,413438.0,1385.0,1288.0,1177.0,1135.0,1132.0,1665.8,8279.3,31028.8,48670.8,57305.6,3411.8,16851.8,68183.1,103693.8,121521.4,5772.3,23030.1,61936.5,93915.2,111046.0,6272.2,24075.7,60433.4,90679.0,109020.2,3356.7,13820.4,35078.3,53306.3,64535.7,3105.8,12498.7,34019.9,51786.6,63798.5,5180.6,21188.3,54784.2,80526.9,100284.4,2545.1,11088.3,28203.4,39982.0,48913.3,788.7,4927.2,13596.2,18234.7,22457.7,17315.0,72992.0,214742.0,321377.0,384997.0,14480.0,58462.0,139245.0,205254.0,252654.0,2834.0,14530.0,75497.0,116123.0,132343.0,14.0,1426.0,1356.0,1247.0,1212.0,1208.0,"1200 Marketplace Dr, Rochester",14.88,29.5
6350 Transit Rd,Lockport,NY,14094-6336,1375000.0,97.0,43.1117617,-78.6981467,C2,Niagara,"MultiFamily, Office, Retail, Single Family Development, Storefrnt Retail/Residntl, Storefront Retail/Office",,Hanna Commercial Real Estate,Joseph Deck,7168567107.0,7168567214.0,,,No,"Area of moderate flood hazard, usually the area between the limits of the 100-year and 500-year floods.",09/17/2010,100-year and 500-year Floodplain,-0.49,-1.09,1.85,-0.26,13742,15340,15794,15784,47010,48815,48577,48046,188087,208754,212626,212071,69832,88504,69402,88231,69092,68161,87173,67566,86872,67056,80268,105560,81469,105274,80827,28,1234,1411,495,165,30,1432,28,1226,1397,493,166,30,1437,178241,177609,72,4620,3231,1606,674,295,3460,72,4544,3196,1593,672,291,3413,176168,176529,443,16174,17751,11045,5437,4888,5777,452,15981,17699,11082,5443,4874,5714,249611,250440,3.13,-0.61,1.86,2025-02-24,Upstate NY,49805.0,212126.0,606515.0,963801.0,1073724.0,2511.8,10273.1,31830.6,51364.5,57406.4,3175.6,11627.5,34113.0,55183.5,61597.1,3295.0,12608.2,34051.9,54785.6,60166.9,2263.0,15460.2,38236.5,60098.4,65582.2,22702.0,90297.0,275733.0,450984.0,500804.0,922.0,1243.0,1086.0,1028.0,1027.0,3189.7,14475.2,40350.0,62860.9,68805.9,6362.2,23709.1,83271.5,135974.2,149638.3,6524.2,25010.2,74974.6,118934.5,131646.4,6320.9,25593.2,69520.6,110795.2,124471.4,3701.0,15763.8,43169.6,67533.4,76117.3,3593.2,14386.4,42072.2,67444.5,76601.7,5884.1,24620.4,68148.3,106017.2,119761.4,2203.1,12553.6,31181.9,49727.0,56416.9,780.8,6044.8,15593.8,23082.6,25511.8,21110.0,85699.0,259621.0,416124.0,463056.0,15094.0,63970.0,178536.0,267244.0,301652.0,6016.0,21729.0,81085.0,148880.0,161404.0,66.0,982.0,1325.0,1149.0,1094.0,1092.0,"3290 Sheridan Dr, Amherst",13.41,17.7
Us Rt 11/Carly ct Ct,Central Square,NY,13036,1500000.0,128.5,43.268256,-76.1510789,,Oswego,Planned Unit Development,LA VEK LLC,Candy Costa Real Estate LLC,Candy Costa,3155056609.0,,,,Yes,Areas with a 1% annual chance of flooding and a 26% chance of flooding over the life of a 30-year mortgage.,06/18/2013,100-year Floodplain,-3.16,-1.57,-3.35,-2.29,8162,9176,8837,8680,16075,17541,16986,16720,114415,120564,116529,113864,71111,92618,73468,91892,72981,73689,92655,73923,91460,72903,80442,99064,80269,98408,79203,0,1256,634,288,58,121,298,0,1232,625,284,56,119,293,181966,182101,73,2406,1275,579,103,252,718,74,2367,1257,569,100,247,710,182501,182466,323,18099,8810,2882,586,1200,4455,320,17601,8564,2808,571,1175,4380,175818,175731,-4.16,-3.62,-3.54,2025-02-24,Upstate NY,18100.0,120789.0,296766.0,510207.0,610345.0,1021.5,6199.7,16101.4,28201.7,33182.2,1023.3,6936.0,17495.5,28864.3,34602.9,1073.2,7819.3,19368.7,31724.1,37615.8,777.5,6425.7,15655.8,36345.2,44476.1,8285.0,52352.0,136604.0,230422.0,275902.0,1068.0,1133.0,1057.0,1052.0,1047.0,1026.4,6587.1,16641.6,33622.9,40416.1,2091.0,14986.7,40183.9,67075.5,77873.3,2116.2,15458.4,37683.9,61412.5,72548.4,2656.4,15838.5,37287.7,60146.5,71875.3,1479.1,9203.2,21314.0,34497.5,42173.1,1572.2,9703.3,22930.6,37467.0,45393.6,1962.0,13631.0,32357.5,54191.9,65602.6,867.6,5901.1,13817.1,25231.7,30704.0,433.2,2098.6,5928.7,11426.6,13881.4,7551.0,49703.0,127049.0,210694.0,250641.0,5823.0,38880.0,85006.0,139639.0,169715.0,1728.0,10823.0,42043.0,71055.0,80926.0,88.0,1077.0,1169.0,1089.0,1111.0,1105.0,"6438 Basile Rowe, East Syracuse",21.12,28.2
00 Burleson Rd,Oneida,NY,13421,550000.0,143.0,43.0261051,-75.669966,,Madison,,Charles Soukup,,,,,,,No,,,,-5.08,-1.97,-4.7,-1.94,1629,1626,1517,1484,17846,17020,16156,15837,42724,42234,40248,39468,69615,91257,67500,91025,65850,60950,81680,64526,82104,64429,63180,81993,65888,82743,65918,9,187,85,60,16,1,122,9,183,83,59,16,1,119,163101,163387,112,2127,976,314,130,158,881,109,2082,958,307,128,154,862,169017,169068,146,5327,2396,754,296,373,2363,143,5221,2349,743,293,362,2312,165036,165111,-6.94,-5.17,-4.71,2025-02-24,Upstate NY,16930.0,42708.0,92973.0,220072.0,530731.0,785.3,1929.0,4164.7,10603.7,28737.2,990.5,2185.0,4732.8,11910.6,29444.9,990.6,2488.3,5292.1,12837.7,32965.8,926.6,2825.9,7021.8,14974.5,42910.9,7871.0,20094.0,41177.0,99806.0,238089.0,872.0,892.0,929.0,963.0,975.0,882.5,2588.5,6484.4,13844.6,38093.3,1649.1,4235.6,9488.4,24002.9,66934.7,1947.2,4903.6,10725.2,25807.4,60484.0,2401.1,6211.9,12434.7,27400.4,61460.1,1313.0,3006.5,6866.8,15726.2,35308.1,1463.1,3621.2,7776.5,17617.3,38300.9,2116.8,5238.1,10869.8,25415.1,55385.6,1026.5,2419.5,4966.6,13786.2,28180.5,437.6,1054.9,2149.3,6145.8,12524.7,7273.0,17751.0,36185.0,89819.0,213443.0,5250.0,13465.0,28725.0,67950.0,139071.0,2024.0,4287.0,7460.0,21869.0,74372.0,43.0,870.0,890.0,935.0,1027.0,1041.0,"6438 Basile Rowe, East Syracuse",23.28,37.57
3868 Lower Mountain Rd,Lockport,NY,14094-9739,4500000.0,106.0,43.1707217,-78.8189433,Zoned AR,Niagara,"Agricultural, Mixed Use, Single Family Residence",,Berkshire Hathaway HomeServices Florida Properties,Alana Crumbley,7278474444.0,8137395703.0,,,No,,,,-3.2,-1.91,-2.31,-1.62,3693,3929,3760,3676,12535,13113,12693,12450,146182,149311,145859,143502,79707,112241,82635,112686,82439,84264,107235,86160,106502,85028,68343,90951,70170,91529,70100,0,452,470,92,92,82,50,0,442,457,89,91,80,50,224893,224617,0,1666,1402,349,320,214,238,0,1626,1371,340,318,210,235,213588,213785,153,17067,10539,5240,2082,1705,8213,153,16738,10365,5180,2070,1670,8082,183707,183922,-4.19,-3.21,-2.32,2025-02-24,Upstate NY,13130.0,150829.0,456674.0,803956.0,989989.0,570.3,7744.6,22668.3,43097.8,53243.1,722.9,8488.4,24742.8,47075.0,56801.6,842.2,8659.6,24516.3,46164.7,56139.3,975.2,8614.3,30188.6,51470.2,61334.8,5333.0,67761.0,209093.0,375696.0,463360.0,898.0,984.0,1062.0,1037.0,1023.0,621.5,8377.7,29124.4,54819.5,64792.0,1005.6,18941.2,58158.0,114324.8,139704.4,1755.2,18677.0,55921.4,99199.3,121888.4,1817.4,18343.1,53462.4,91221.9,114383.1,1361.1,11866.1,33786.7,55299.9,69388.0,1160.3,11369.9,32206.7,54573.4,69098.7,1378.8,17974.2,54447.8,87473.9,108599.5,723.5,8102.0,25007.0,40005.5,51093.8,195.6,3671.3,12443.2,19229.7,23522.5,5087.0,63381.0,196082.0,345644.0,427356.0,4490.0,47206.0,139556.0,219114.0,274278.0,596.0,16175.0,56526.0,126530.0,153078.0,13.0,962.0,1049.0,1145.0,1104.0,1088.0,"3290 Sheridan Dr, Amherst",14.31,27.7
00 New Turnpike Rd,Sherburne,NY,13460,550000.0,91.57,42.6780433,-75.4355154,,Chenango,,Charles Soukup,,,,,,,No,"Area of moderate flood hazard, usually the area between the limits of the 100-year and 500-year floods.",11/26/2010,100-year and 500-year Floodplain,-11.73,-4.43,-9.56,-3.66,1458,1335,1184,1133,4743,4503,3975,3799,16463,15640,14145,13628,53088,77188,54722,80693,55612,54565,76317,56163,79041,57126,59097,76097,58585,76173,58567,1,162,34,22,2,2,140,1,155,33,21,2,2,135,125617,125484,2,541,117,71,8,8,488,2,516,114,68,8,8,467,123937,124128,29,1689,694,209,91,62,1677,29,1624,678,203,90,61,1609,132475,133128,-12.13,-12.45,-9.81,2025-02-24,Upstate NY,4468.0,15725.0,42028.0,67575.0,118925.0,212.7,927.9,2268.4,3462.1,5467.1,283.4,1008.3,2282.6,3560.8,5700.8,483.7,1172.6,2401.6,3793.3,6502.6,236.8,911.0,3984.3,6198.1,11539.3,2145.0,7688.0,19738.0,32530.0,56630.0,744.0,796.0,858.0,856.0,901.0,243.4,792.5,3306.4,5192.0,10917.3,611.4,1864.9,4897.7,7343.5,12695.6,565.1,1744.5,4247.4,7186.2,12678.7,558.6,1966.6,4890.8,7998.8,13483.2,275.5,1066.8,2549.6,4423.1,8040.5,295.3,1276.2,3123.4,5221.6,9051.4,408.3,1859.0,4894.5,7862.5,13632.4,201.9,834.5,2212.7,3804.7,6572.5,91.7,300.3,968.6,1527.9,2643.7,1706.0,6089.0,15742.0,25681.0,45339.0,1296.0,4994.0,11720.0,19863.0,34276.0,410.0,1095.0,4021.0,5818.0,11063.0,233.0,783.0,847.0,882.0,888.0,926.0,"710 Horatio St, Utica",41.62,50.12
160 Breckheimer Road Rd,Central Square,NY,13036-2366,999900.0,295.0,43.355809,-76.082784,,Oswego,"Master Planned Community, MultiFamily, Single Family Development, Single Family Residence",,JF Real Estate,Martin McDermott,3154722020.0,3154728774.0,,,No,"Area of moderate flood hazard, usually the area between the limits of the 100-year and 500-year floods.",06/18/2013,100-year and 500-year Floodplain,-2.78,-0.57,-1.83,-0.69,3069,2505,2464,2456,9483,9124,8870,8819,31335,31709,31130,30915,68823,79710,69791,77459,69549,70791,83446,70051,81557,69292,69201,85537,68869,84156,68041,8,399,155,28,0,0,255,8,397,156,28,0,0,253,141980,142317,12,1386,469,203,25,10,867,12,1379,469,202,25,10,861,144660,144815,29,4510,1764,741,114,279,2565,29,4477,1750,735,111,275,2559,154013,153808,-1.74,-3.02,-2.18,2025-02-24,Upstate NY,9175.0,32214.0,103085.0,288661.0,553894.0,441.7,1784.9,5573.5,15175.3,30346.1,484.9,1854.3,5762.4,16441.5,31404.6,362.8,1918.4,6669.3,18226.1,34576.2,513.2,1694.5,6036.3,15131.2,40979.0,4081.0,14572.0,46078.0,132571.0,252249.0,1028.0,1014.0,1086.0,1081.0,1048.0,508.5,1686.8,5062.2,15758.7,37306.6,1231.7,3950.5,12331.3,36968.0,72249.4,1230.0,3825.4,12391.9,36146.9,66017.0,1271.2,4448.8,14004.0,37152.6,65296.0,782.7,2823.6,8826.1,21868.8,37301.3,823.1,2602.8,8276.1,23000.9,40525.2,1104.9,3661.8,11632.8,32643.9,58269.0,254.5,1369.0,4978.5,14503.0,27433.5,166.0,593.3,1540.6,5644.1,12190.1,3815.0,13107.0,41678.0,121945.0,227836.0,3374.0,10656.0,34328.0,89432.0,151218.0,441.0,2451.0,7350.0,32513.0,76619.0,206.0,1383.0,1068.0,1110.0,1110.0,1108.0,"6438 Basile Rowe, East Syracuse",26.72,31.53
4724 California Rd,Orchard Park,NY,14127-3136,,121.0,42.7536887,-78.7704794,Residential,Erie,"Agricultural, Apartment Units, Apartment Units - Condo, Apartment Units - Senior, Hold for Development, Manuftrd Hms/Mobl Hm Prk, Pasture/Ranch, Planned Unit Development, Single Family Development",,Research In Progress,Research In Progress,,,,,Yes,The base floodplain where base flood elevations are provided. AE Zones are now used on new format FIRMs instead of A1-A30 Zones.,06/07/2019,100-year Floodplain,4.55,0.03,-0.14,-0.84,26974,28983,30915,31035,89925,93797,98065,98090,293095,292795,292397,289939,82923,109372,83719,108393,82501,75147,98580,76868,97782,76003,65725,87226,67954,87375,67716,76,1860,3180,1750,1559,694,201,77,1862,3193,1762,1568,695,201,281729,281928,207,9763,10016,4324,2557,1479,1954,208,9742,10027,4347,2568,1479,1943,234275,234626,773,30403,22508,10663,5037,4568,11700,768,30102,22445,10644,5035,4536,11468,203212,204139,6.77,4.11,-0.4,2025-02-24,Upstate NY,94663.0,293961.0,660406.0,924530.0,1045392.0,4461.7,14935.1,36164.3,49537.5,55747.5,5358.1,16716.9,38730.2,53319.3,59547.4,5031.4,15827.7,37137.3,51382.4,58311.5,5361.8,15665.7,38865.4,56999.4,64029.6,42716.0,136003.0,311838.0,430004.0,484738.0,1108.0,1010.0,1019.0,1051.0,1048.0,5009.1,15238.6,42614.1,58892.2,65126.2,11060.7,37620.7,96994.4,130263.9,144213.0,11006.7,34685.1,79358.0,112343.4,127089.8,12115.2,36771.1,77183.8,108074.7,123219.6,6935.0,23260.0,46190.9,64620.4,74012.9,7284.6,22999.7,47017.1,65456.2,75444.6,12106.3,35663.3,71345.7,102059.0,117092.6,6182.1,17160.6,34012.3,48787.0,55690.0,2749.8,7416.7,14792.4,22794.8,25867.1,40988.0,127942.0,287254.0,399172.0,450033.0,30099.0,89836.0,179103.0,259517.0,298802.0,10889.0,38106.0,108152.0,139655.0,151232.0,26.0,1197.0,1076.0,1077.0,1114.0,1112.0,"3290 Sheridan Dr, Amherst",20.37,24.38
Carmenica Dr. and Pasubio Terrrace,Cicero,NY,13039,,182.18,43.1813244,-76.1138614,General Commercial,Onondaga,"Apartment Units, Commercial, Mixed Use, Single Family Development",,"Sutton Real Estate Company, LLC",Barton Feinberg,3154241111.0,3154241383.0,,,No,"Area of moderate flood hazard, usually the area between the limits of the 100-year and 500-year floods.",11/04/2016,100-year and 500-year Floodplain,-4.11,-2.78,-2.73,-2.35,25038,28218,26753,25938,56223,59858,57397,55802,266175,279364,271725,265345,95452,112598,99712,112879,100387,82418,101766,85280,102200,85281,61329,80724,62015,80782,61690,83,4324,2536,765,111,232,643,82,4182,2454,739,107,226,625,185661,185664,128,9554,4697,1267,281,663,1676,125,9254,4558,1231,273,644,1628,178050,178111,464,31544,13056,4216,1099,1786,13384,459,30678,12721,4109,1078,1740,13049,161471,161503,-5.52,-4.24,-2.22,2025-02-24,Upstate NY,59725.0,274928.0,466598.0,536093.0,611106.0,3168.8,14369.9,25705.1,29645.8,32989.8,3136.0,15698.8,26460.2,30342.3,34364.3,3827.6,17168.8,28848.4,33131.8,37724.1,3213.5,18635.8,33785.9,37536.3,42226.3,25662.0,126371.0,209462.0,240995.0,276361.0,1052.0,1051.0,1063.0,1052.0,1045.0,2951.6,17799.8,31191.8,34895.3,38818.6,8237.8,38785.7,61699.7,69543.3,77146.2,7302.6,34493.2,56366.1,64464.7,73016.3,7510.4,33423.4,54580.2,63348.3,72940.7,4386.3,17753.6,30656.6,36684.7,42991.8,5256.2,20725.8,34306.1,39891.9,46332.0,6494.9,28194.5,49176.0,57491.1,67177.5,3153.0,12707.8,23040.3,26765.9,31211.1,1086.6,5171.2,10782.2,12352.0,14167.9,24446.0,116817.0,192704.0,221286.0,252251.0,19217.0,72317.0,125839.0,148107.0,173262.0,5230.0,44500.0,66865.0,73179.0,78989.0,4.0,1068.0,1104.0,1125.0,1111.0,1101.0,"6438 Basile Rowe, East Syracuse",13.43,18.45
8401 Caughdenoy Rd,Clay,NY,13041-9181,,98.02,43.17827,-76.17128,RA-100,Onondaga,Commercial,,Cushman & Wakefield | Pyramid Brokerage Company,Mark Austin,3154451030.0,3154452074.0,,,No,"Area of moderate flood hazard, usually the area between the limits of the 100-year and 500-year floods.",11/04/2016,100-year and 500-year Floodplain,-4.21,-2.8,-2.74,-2.37,23817,24985,23405,22633,92074,96008,91964,89386,289803,305854,297477,290415,93209,112457,99255,112795,100251,78320,97917,79451,97994,78585,60623,80230,61311,80208,60947,55,4075,2159,532,84,343,534,54,3933,2079,512,82,332,517,182380,182315,219,15460,6892,1463,326,756,2367,214,14971,6672,1415,316,736,2296,173573,173568,527,34622,13825,4601,1136,1990,14540,520,33653,13452,4482,1108,1939,14157,160887,160911,-6.54,-4.35,-2.31,2025-02-24,Upstate NY,96045.0,303588.0,460071.0,536643.0,613984.0,5103.0,16362.0,25432.5,29723.4,33223.2,5540.1,17625.5,26141.0,30410.8,34660.8,5811.2,19783.0,28300.8,33213.4,37918.1,5122.2,19893.1,33229.3,37648.6,42703.9,42117.0,139579.0,206651.0,240552.0,277274.0,1168.0,1052.0,1063.0,1053.0,1050.0,5369.7,19444.4,30905.5,34868.2,39083.5,12932.5,42818.1,61070.5,69716.2,77910.5,12628.0,37971.5,55601.8,64528.1,73282.1,12352.4,36382.6,53732.7,63011.0,73098.6,6322.4,19582.4,30246.3,36808.1,42963.9,7437.4,22907.9,33726.2,39936.6,46307.4,10567.0,31023.9,48460.4,57697.6,67296.9,5112.1,13660.9,22733.9,26781.2,31330.9,1746.7,6132.7,10490.1,12299.6,14204.2,40403.0,129182.0,190245.0,221370.0,252841.0,29746.0,78965.0,123988.0,148123.0,173611.0,10657.0,50217.0,66257.0,73247.0,79229.0,12.0,1196.0,1094.0,1126.0,1112.0,1108.0,"6438 Basile Rowe, East Syracuse",14.88,23.77
7294 County Road 132,Ovid,NY,14521-9506,7500000.0,284.0,42.6639881,-76.8671446,Not Zoned,Seneca,"Apartment Units - Condo, Apartment Units - Senior, Hospitality, MultiFamily, Planned Unit Development, Public Park, Single Family Development, Winery/Vineyard",Boy Scouts of America,Moore Corporate Real Estate,Steve Moore,5855464170.0,5855463587.0,,,No,,,,-1.71,-1.21,-2.36,-1.31,2622,2586,2338,2269,4240,4205,4133,4083,19047,19304,18848,18602,60381,71432,58492,69748,58043,60916,68676,56587,66376,55374,59560,72447,58239,72062,57663,2,197,43,17,13,45,222,2,194,42,17,13,45,216,124111,125000,8,377,94,67,51,100,396,8,375,93,68,52,100,393,139920,140400,77,1859,724,443,282,446,1400,77,1824,717,441,284,445,1383,165384,165926,-4.48,2.1,-2.47,2025-02-24,Upstate NY,5346.0,20507.0,47832.0,104498.0,226102.0,339.8,1427.7,2826.2,5669.1,10618.5,290.7,1196.1,2516.1,5807.4,11515.0,264.9,1303.6,3032.8,6260.4,12137.0,239.2,1111.7,3692.0,6874.7,18955.9,2386.0,10102.0,23532.0,52779.0,112012.0,796.0,798.0,896.0,938.0,1149.0,345.4,1198.5,3771.9,6932.5,20550.0,833.1,2611.8,5333.8,11831.7,26989.5,810.0,2342.1,4731.9,11096.8,25498.9,616.2,2306.7,5254.0,12142.4,24394.7,303.0,1201.1,3030.6,7464.8,14721.4,327.8,1344.3,3492.0,8298.3,16263.7,696.5,2904.7,6400.3,13573.6,26443.5,220.1,1166.3,2913.1,6210.5,13055.0,59.0,392.3,836.7,2335.7,4959.0,1659.0,7465.0,17669.0,42193.0,93501.0,1256.0,5611.0,13561.0,30889.0,60958.0,403.0,1855.0,4109.0,11304.0,32543.0,177.0,1061.0,978.0,1016.0,1043.0,1234.0,"135 Fairgrounds Memorial Pkwy, Ithaca",29.39,43.4
County Route 57,Fulton,NY,13069,550000.0,93.0,43.2780833,-76.38087,R-1,Oswego,"Baseball Field, Commercial, Hold for Development",Jeanette Difato,JF Real Estate,Ed Rogers,3154722020.0,3154728774.0,12/30/2014 00:00:00,340000.0,Yes,The base floodplain where base flood elevations are provided. AE Zones are now used on new format FIRMs instead of A1-A30 Zones.,06/18/2013,100-year Floodplain,-2.74,-0.64,-1.96,-1.3,7176,6086,5948,5922,21593,20281,19725,19599,69952,73473,72035,71102,59914,74609,59848,74203,59668,56340,67312,55006,65713,53903,70277,89335,68558,87599,66733,13,775,238,95,1,73,641,13,766,236,94,1,73,639,135742,135509,14,1675,569,184,14,241,2453,14,1657,561,181,13,243,2432,107284,107151,150,7805,4430,1851,435,814,5289,150,7684,4338,1810,423,807,5243,165316,164868,-2.5,-2.99,-2.09,2025-02-24,Upstate NY,20486.0,73597.0,202779.0,402698.0,573473.0,1404.6,3818.7,10574.6,21921.2,31060.9,1089.1,4177.3,12049.1,23964.3,32542.4,1311.7,5527.8,12952.7,26145.8,35341.2,1084.6,4251.8,13727.8,24053.1,42403.0,9250.0,32241.0,89364.0,184447.0,259337.0,889.0,1103.0,1118.0,1068.0,1043.0,1249.6,3975.5,13149.9,23939.2,38768.8,2734.5,8500.0,24363.8,52883.6,74686.2,2450.8,9129.3,25011.8,50077.7,67652.5,2379.6,9161.7,24896.0,49466.7,67040.6,1856.4,6231.4,14886.9,28506.8,38959.6,1473.2,5484.7,15091.3,30425.1,42146.3,2140.4,8347.6,22084.1,43339.8,61501.8,920.3,3465.4,9840.0,19050.7,28385.5,390.8,1525.5,4151.0,8924.4,12984.3,8481.0,30298.0,82714.0,169516.0,235887.0,5547.0,21980.0,59719.0,114509.0,156978.0,2934.0,8318.0,22995.0,55007.0,78909.0,63.0,907.0,1116.0,1152.0,1107.0,1100.0,"6438 Basile Rowe, East Syracuse",31.88,34.53
2825 W Entry Rd,Baldwinsville,NY,13027,,100.0,43.1829408,-76.3095165,PUD,Onondaga,Industrial,New York State,Empire State Development,Andrea Burdick,3154259110.0,,09/24/2010 00:00:00,,No,"Area of moderate flood hazard, usually the area between the limits of the 100-year and 500-year floods.",11/04/2016,100-year and 500-year Floodplain,-2.94,-2.43,-3.11,-2.41,21590,26447,26093,25518,49306,56630,54964,53628,159584,168094,162860,158928,84667,113841,85056,112625,83661,79449,101870,78018,100773,76076,73225,93261,73300,92846,72412,48,2836,2258,1186,384,175,461,48,2765,2201,1154,374,171,450,216696,216651,125,7029,4410,1805,539,416,1812,123,6837,4278,1751,525,410,1764,189002,188927,394,24981,10641,3403,836,1434,6548,389,24292,10330,3313,814,1405,6406,170335,170263,-1.37,-3.1,-3.28,2025-02-24,Upstate NY,57390.0,167686.0,429667.0,531019.0,645778.0,2936.5,8631.6,23876.8,29071.2,35075.4,3297.6,9215.3,24406.6,30166.3,36481.3,4038.6,10665.0,27176.6,32782.8,39441.8,3094.8,8601.8,30567.2,37596.9,46273.3,25176.0,75562.0,194415.0,238611.0,291638.0,1262.0,1185.0,1054.0,1053.0,1038.0,3153.5,9379.1,29006.3,34719.0,42445.7,6611.9,20695.3,58906.0,69311.4,82740.0,7440.0,21811.5,51808.7,63621.9,77327.0,7413.3,21000.7,49588.9,62259.2,75426.9,4387.1,12156.7,28717.5,36262.6,44382.9,4517.2,13177.7,31584.0,39327.8,48233.8,6586.2,19609.1,44844.0,57132.4,69944.5,2751.5,8897.5,19916.3,26655.2,33095.5,1161.8,3844.3,9267.6,12111.9,14909.9,24145.0,72089.0,178871.0,219283.0,265654.0,17569.0,51896.0,113839.0,146409.0,179016.0,6577.0,20193.0,65032.0,72875.0,86639.0,28.0,1277.0,1220.0,1106.0,1114.0,1098.0,"6438 Basile Rowe, East Syracuse",23.76,29.2
2349 Fenner Rd,Cazenovia,NY,13035-9702,1750000.0,101.79,42.9326283,-75.8356667,Commercial,Madison,"Apartment Units, Apartment Units - Condo, Apartment Units - Dorms, Apartment Units - Senior, Apartment Units - Subsdzd, Single Family Residence",,Canaan Realty,Allen Olmsted,3156824500.0,3156824214.0,,,No,,,,-0.14,-0.92,-2.99,-1.96,5001,5284,5301,5261,8027,8389,8377,8300,39944,42296,41032,40229,76460,115174,89130,118832,92821,79099,118874,91643,122640,95338,83211,121508,94119,123166,95987,51,421,305,331,123,266,46,51,419,302,327,122,266,46,299835,299833,89,706,572,541,231,370,114,89,700,565,534,230,369,113,285926,286194,230,3201,3662,2564,964,1090,1022,228,3135,3575,2515,947,1070,997,258533,258783,0.76,0.18,-2.96,2025-02-24,Upstate NY,8305.0,41855.0,120007.0,343016.0,512989.0,262.4,1997.6,6020.0,18378.2,27162.3,316.7,2254.0,6644.4,19233.4,28274.8,423.1,2674.5,7166.4,20324.8,30229.8,959.0,3061.1,8198.1,29727.4,39597.6,3564.0,17983.0,52293.0,154572.0,231214.0,1135.0,999.0,1037.0,1001.0,1029.0,753.3,2349.9,6814.4,26274.0,36085.0,647.9,3781.0,11797.4,44145.4,65124.3,744.4,4859.3,14424.3,38745.7,60218.4,919.0,5229.4,15614.1,39150.3,60397.9,644.6,3168.9,8765.8,21878.7,33829.6,726.1,3773.8,9843.7,24696.7,38481.9,1136.9,4937.6,13673.9,35453.7,55106.9,524.8,2473.8,7599.8,16999.6,26280.7,247.1,1293.7,3444.5,8008.1,12200.0,3128.0,16421.0,47516.0,137352.0,208496.0,2701.0,13522.0,37926.0,86689.0,140186.0,426.0,2899.0,9590.0,50662.0,68311.0,28.0,1105.0,1057.0,1110.0,1066.0,1085.0,"6438 Basile Rowe, East Syracuse",17.5,30.08
2571 Higby Rd,Frankfort,NY,13340-4566,,82.0,43.0400702,-75.0893531,,Herkimer,"Distribution, Industrial",,JLL,James Panczykowski,2015284400.0,2015284401.0,,,No,,,,-1.48,-1.17,-2.91,-1.86,9523,8916,8589,8430,22562,21042,20731,20488,114002,117057,113646,111535,62611,75165,63026,75645,63157,63106,74647,64685,74865,64659,53792,71528,53326,71736,52954,4,1059,267,94,95,30,1122,4,1036,265,94,94,30,1097,120160,120560,16,1860,789,193,126,140,2721,16,1829,788,192,125,142,2678,110833,111318,188,9815,4116,1345,717,965,9187,185,9633,4066,1324,703,948,8983,140545,140880,-4.13,-1.87,-2.53,2025-02-24,Upstate NY,21880.0,117487.0,180432.0,216187.0,275616.0,958.3,6760.1,9756.8,11654.3,14953.1,1347.1,7146.5,10353.7,12415.6,15687.4,1434.1,8430.0,12733.0,14652.2,18150.3,1216.8,8430.8,11995.0,14839.8,18286.3,10677.0,53030.0,82019.0,97689.0,127391.0,796.0,930.0,936.0,934.0,919.0,1001.5,7526.1,11595.6,14299.5,17944.4,2566.8,14009.3,21606.2,25401.4,33060.1,2358.6,14026.8,21835.7,25906.0,32529.2,2820.8,13642.3,21031.0,25195.3,32570.4,1657.5,8022.2,11721.3,14462.7,18770.5,1788.8,8225.7,12568.9,15441.7,19791.1,2686.7,12051.1,19954.2,24043.8,30903.1,1508.8,6490.4,10642.9,12453.3,16141.8,533.8,2726.0,4638.2,5421.7,6827.8,9668.0,47576.0,73837.0,87439.0,112250.0,6987.0,29683.0,48916.0,60158.0,76368.0,2681.0,17893.0,24921.0,27280.0,35881.0,55.0,885.0,1008.0,1021.0,1015.0,992.0,"710 Horatio St, Utica",11.59,16.13
1149 Johnson Rd,Cincinnatus,NY,13040-9613,885000.0,102.0,42.463825,-75.9381281,,Cortland,MultiFamily,,Zere Real Estate Services Inc.,Marie Zere,6314674300.0,6314675786.0,,,No,"Area of moderate flood hazard, usually the area between the limits of the 100-year and 500-year floods.",03/02/2010,100-year and 500-year Floodplain,-2.05,-1.9,-5.64,-2.7,1010,909,918,907,2938,2686,2631,2581,14126,13175,12432,12096,59582,74912,59736,76003,59444,57402,78529,62162,80651,63541,57523,79911,60813,82185,61944,1,103,34,12,4,6,137,1,101,33,12,4,6,135,111165,110891,3,314,114,32,21,23,340,3,308,112,31,21,22,333,126592,126623,11,1489,632,185,85,75,1503,11,1447,615,182,83,74,1459,132706,132930,0.87,-2.28,-5.69,2025-02-24,Upstate NY,2643.0,13342.0,32614.0,90770.0,214428.0,146.7,665.5,1624.8,4706.9,11716.2,187.7,959.8,2169.3,5178.1,11588.9,182.5,938.1,2227.8,5223.0,12145.5,142.0,648.7,1723.1,7311.0,14219.1,1250.0,6257.0,15697.0,42286.0,102353.0,799.0,830.0,858.0,926.0,961.0,199.9,962.0,2406.4,7825.1,16867.3,373.3,1591.4,3637.0,9796.5,25287.0,317.9,1635.4,3745.5,10025.6,24009.3,302.6,1632.3,4031.0,10449.2,24745.2,187.2,1031.9,2367.7,6059.3,14178.3,204.8,1045.1,2615.5,7138.9,16531.7,262.2,1404.2,3765.5,10555.6,25488.6,107.3,627.3,1705.2,4892.5,12306.1,29.0,200.1,595.3,1608.6,5345.3,1025.0,5257.0,13307.0,36999.0,89970.0,818.0,4193.0,10219.0,26931.0,61170.0,207.0,1063.0,3088.0,10068.0,28799.0,209.0,848.0,869.0,922.0,978.0,1023.0,"135 Fairgrounds Memorial Pkwy, Ithaca",35.06,53.47
Jugg St,Moravia,NY,13118,319900.0,83.03,42.7390629,-76.4052826,,Cayuga,Agricultural,,"Nolan's Insurance Agency, Inc",Thomas Nolan,3152550037.0,,,,No,"Area of moderate flood hazard, usually the area between the limits of the 100-year and 500-year floods.",01/01/1900,100-year and 500-year Floodplain,-4.26,-1.73,1.12,-1.58,3879,3188,2890,2808,6269,5448,5216,5126,16778,15568,15742,15494,66941,77752,67419,76879,67092,67541,82552,69279,82118,69267,73033,94811,73447,95104,73217,21,258,104,43,39,48,154,20,251,101,43,38,46,149,169573,169720,35,527,290,109,92,90,307,34,518,286,108,91,89,302,179316,179536,159,1685,958,503,413,472,863,159,1650,939,493,413,472,841,198723,199544,-8.93,-3.23,1.91,2025-02-24,Upstate NY,4914.0,15101.0,72059.0,169889.0,396088.0,145.9,634.6,3581.9,8236.1,19761.8,235.8,779.3,3587.3,8293.3,19632.5,321.1,968.5,4407.7,9160.6,20999.0,359.8,1013.9,6131.7,15506.6,38100.5,2505.0,7781.0,33504.0,78222.0,181361.0,945.0,1043.0,1019.0,1063.0,1121.0,160.4,606.7,5150.3,13254.5,38428.0,641.4,1688.4,7296.7,19409.8,49163.7,632.0,1730.4,8588.7,19342.1,44655.6,783.1,2191.6,8048.0,19237.3,42004.8,416.1,1248.5,5082.7,11142.1,24801.2,329.0,1156.1,5611.7,12659.8,27144.8,537.1,1911.9,8655.3,20026.1,42255.0,276.3,920.5,4519.6,10176.0,20220.0,76.0,250.5,1397.9,3444.7,8921.4,1833.0,5964.0,29053.0,69221.0,161420.0,1531.0,5028.0,22203.0,47328.0,100480.0,303.0,935.0,6849.0,21893.0,60940.0,176.0,1014.0,1126.0,1102.0,1138.0,1194.0,"6438 Basile Rowe, East Syracuse",43.57,56.13
491 Kibbie Lake Rd,Constantia,NY,13044-3705,841000.0,579.0,43.2741577,-75.965075,,Oswego,,,Cushman & Wakefield | Pyramid Brokerage Company,Mark Austin,3154451030.0,3154452074.0,,,Yes,The base floodplain where base flood elevations are provided. AE Zones are now used on new format FIRMs instead of A1-A30 Zones.,06/18/2013,100-year Floodplain,3.82,0.7,0.05,-1.06,2489,2298,2413,2436,5554,5501,5711,5751,37332,39959,39979,39555,73763,81992,68863,80113,67425,71456,82696,69336,81340,68541,79678,97662,79638,97063,78364,0,438,49,63,0,0,290,0,442,50,64,0,0,293,129680,129751,2,916,203,110,15,5,651,2,923,204,111,15,5,656,132751,132719,84,5190,3505,1285,344,289,2437,83,5128,3452,1267,343,287,2433,179575,179241,4.9,3.65,-0.15,2025-02-24,Upstate NY,5452.0,40281.0,134561.0,432708.0,585380.0,313.1,2281.3,6908.3,22927.8,32011.5,229.2,2423.5,7176.8,24538.6,33049.6,329.1,2415.6,7962.8,27145.1,35995.0,399.9,2388.7,7004.6,32355.9,41070.2,2555.0,18087.0,60778.0,196844.0,265654.0,1044.0,977.0,1062.0,1044.0,1042.0,223.1,1784.0,6900.0,29239.9,37868.3,590.9,4461.1,17209.6,56920.6,74707.8,623.3,4820.4,16510.4,52148.3,69449.8,661.6,5473.8,17740.4,52137.3,70392.6,650.6,3686.3,10673.1,28791.9,40212.9,355.7,3563.1,11355.2,32106.5,44057.1,821.6,4556.9,15390.5,44855.6,63378.3,206.0,1793.2,7126.4,20741.5,29649.2,47.9,633.5,2602.8,8799.3,13537.2,2178.0,16079.0,55681.0,178817.0,241833.0,2000.0,13447.0,45348.0,116683.0,164065.0,178.0,2632.0,10333.0,62135.0,77767.0,195.0,1067.0,989.0,1091.0,1109.0,1097.0,"6438 Basile Rowe, East Syracuse",30.87,38.8
455 Lafayette Rd,Syracuse,NY,33480,5500000.0,80.0,42.9924338,-76.1271468,RA-1,Onondaga,"Agricultural, Apartment Units, Apartment Units - Senior, Golf Course/Driving Range, MultiFamily, Planned Unit Development, Self-Storage, Single Family Development",,Hospitality Associates,John Christopher,3155691227.0,,,,No,"Area of moderate flood hazard, usually the area between the limits of the 100-year and 500-year floods.",11/04/2016,100-year and 500-year Floodplain,-0.42,-1.9,-2.18,-2.34,51290,51731,52062,51187,143596,146603,145982,143215,317830,324655,317564,310146,49449,74797,49943,75270,49649,46849,70663,47327,71040,47314,57996,80904,59017,81277,58953,144,2632,1384,1070,742,488,3462,142,2561,1345,1041,726,476,3406,156952,156325,234,7480,4297,2095,1148,1057,7050,231,7280,4181,2035,1124,1031,6892,161904,161744,536,30225,14692,5279,2347,2705,16440,528,29352,14274,5133,2291,2633,16018,165085,165060,1.24,1.34,-1.65,2025-02-24,Upstate NY,144909.0,323189.0,449002.0,517610.0,610236.0,8178.0,18022.3,24608.4,28286.0,32864.9,7756.4,18161.8,25453.6,29070.4,33700.5,8298.3,19163.8,27141.9,31887.6,37057.6,16932.7,25748.9,33361.4,36761.3,41990.3,64451.0,146745.0,201112.0,232841.0,276958.0,1009.0,1036.0,1057.0,1061.0,1044.0,14492.1,23570.9,30558.6,33889.4,38887.4,21019.3,44228.5,58795.1,66307.8,77278.1,15327.9,37944.7,54177.6,61944.4,73629.7,13477.9,35785.3,51613.7,60766.4,71947.9,7741.0,19704.8,28733.3,34523.0,42192.2,8547.7,22908.3,33522.3,38795.2,46785.0,13453.4,33332.6,47696.0,56281.3,67344.0,6358.6,16185.6,22677.6,26903.9,32298.2,3325.6,8431.4,10662.6,12193.3,14259.7,56487.0,134091.0,184921.0,213378.0,252508.0,27311.0,80811.0,120860.0,143005.0,171460.0,29175.0,53280.0,64062.0,70372.0,81048.0,8.0,1096.0,1107.0,1121.0,1121.0,1101.0,"6438 Basile Rowe, East Syracuse",9.44,15.32
3797 Lake,Brockport,NY,14420-1415,2500000.0,199.5,43.229514,-77.942357,PUD,Monroe,Planned Unit Development,,Benchmark Realty Advisors,Adam Rooney,5854899512.0,,,,Yes,Areas with a 1% annual chance of flooding and a 26% chance of flooding over the life of a 30-year mortgage.,08/28/2008,100-year Floodplain,1.05,-1.01,-2.15,-1.63,16453,16991,17455,17339,24790,26739,27021,26749,72484,75166,73549,72351,62626,77251,57599,77122,56322,64427,81394,61787,81145,60735,71673,91160,72147,91343,71741,20,1965,824,120,151,117,704,20,1953,823,119,152,115,697,163434,163619,49,3467,1295,247,271,180,1472,49,3427,1287,246,271,177,1450,158220,158462,175,10578,4661,1521,933,644,3262,172,10383,4587,1500,921,633,3204,172083,172194,3.18,1.22,-2.26,2025-02-24,Upstate NY,26279.0,74566.0,241637.0,578202.0,757538.0,1118.9,3452.6,12332.3,31212.7,39741.0,1245.3,3920.7,12505.2,30519.5,40608.2,1212.4,4892.7,14471.1,35016.3,45996.7,2879.7,6118.6,16375.8,41601.2,51818.0,10819.0,30951.0,104237.0,261820.0,341600.0,960.0,1037.0,1112.0,1086.0,1110.0,2629.4,5179.0,13008.1,42259.5,51644.1,3572.8,8839.5,30625.8,87957.1,108902.5,2544.6,8093.9,27926.2,68569.7,90798.2,2882.8,8587.0,30261.8,64896.6,87962.5,1899.4,5756.3,18616.3,40009.1,52982.9,1798.8,5844.7,17726.5,37881.4,51230.8,2901.3,8555.3,28543.5,58456.4,79734.2,1192.2,3740.7,13139.4,27324.5,38041.2,401.9,1585.4,6105.5,12497.9,18077.6,10143.0,29251.0,98877.0,242066.0,318489.0,7013.0,22471.0,74517.0,143935.0,200632.0,3130.0,6780.0,24359.0,98131.0,117858.0,52.0,1004.0,1083.0,1191.0,1161.0,1188.0,"1200 Marketplace Dr, Rochester",26.08,33.15
0 Maider Rd,Clay,NY,13041,,86.11,43.2023719,-76.2305327,R-APT & R-7.5,Onondaga,Commercial,,Cushman & Wakefield | Pyramid Brokerage Company,Stephen Scuderi,3154451030.0,3154452074.0,,,No,"Area of moderate flood hazard, usually the area between the limits of the 100-year and 500-year floods.",11/04/2016,100-year and 500-year Floodplain,-2.97,-2.35,-3.65,-2.52,19408,21173,20531,20032,49143,53862,52263,51036,182472,194481,187379,182660,82736,106477,83982,105880,82752,84819,107034,85011,105777,83444,72650,92501,72658,92267,71891,91,2885,1984,625,84,224,428,89,2805,1922,605,83,219,419,194713,194545,244,7624,4285,1522,436,653,1195,241,7419,4157,1479,425,638,1174,188988,188859,407,27093,12301,4022,904,1522,8722,402,26331,11947,3914,879,1486,8509,169255,169214,-3.24,-3.19,-3.81,2025-02-24,Upstate NY,53193.0,193672.0,446734.0,537157.0,629175.0,2763.0,10104.4,24718.5,29539.8,34190.6,3195.5,11281.3,25410.2,30472.5,35505.4,3801.0,12376.4,27973.0,33251.9,38552.3,2767.3,10047.3,32514.2,37903.0,45417.3,22742.0,86685.0,200904.0,241016.0,284082.0,1275.0,1139.0,1056.0,1054.0,1046.0,2962.3,10691.4,30594.3,34800.0,41354.2,5795.9,24607.8,60376.4,69914.8,80386.8,7083.0,25086.5,53674.0,64674.0,74505.9,7392.3,24814.2,52164.7,63173.1,73994.6,3804.3,14120.5,29207.9,36847.6,43524.6,3842.0,15481.2,32380.6,39820.2,47275.3,6185.3,21594.5,46600.4,57712.2,68223.3,2642.8,9613.8,21176.4,26805.1,31806.5,958.4,3852.4,9943.1,12242.6,14437.7,21893.0,82233.0,184807.0,221718.0,258586.0,17006.0,59019.0,118618.0,148474.0,175524.0,4888.0,23213.0,66188.0,73243.0,83062.0,26.0,1299.0,1170.0,1111.0,1112.0,1105.0,"6438 Basile Rowe, East Syracuse",19.75,25.33
0 Main St,Hunt,NY,14846,315000.0,82.6,42.5485029,-77.9864491,1,Livingston,"MultiFamily, Single Family Development",David Piper,David Piper,David Piper,,,,,No,,,,-6.22,-1.09,-4.04,1.03,1539,1365,1315,1301,4067,3634,3408,3371,12354,11792,11316,11432,59999,67594,66129,68266,67500,59435,65133,59776,64634,59629,59420,65795,60567,65302,60423,0,130,20,10,1,4,265,0,129,21,10,1,4,262,81131,81488,1,352,61,29,7,7,627,1,346,62,28,7,7,622,86443,86253,28,1293,307,73,39,57,1861,28,1294,315,74,41,58,1887,98280,97959,-3.95,-6.74,-3.96,2025-02-24,Upstate NY,3862.0,11922.0,36980.0,72629.0,125601.0,146.6,530.2,1651.2,3290.5,5902.3,236.3,749.8,2135.2,3902.5,6706.0,297.7,837.0,2325.2,4160.8,7025.7,173.6,721.3,2437.3,6048.5,10756.0,1882.0,6071.0,17719.0,34657.0,59499.0,807.0,788.0,800.0,854.0,842.0,152.2,658.4,2466.3,6226.3,11192.7,509.9,1344.1,4255.0,7850.2,13457.6,485.8,1270.9,4392.5,7991.0,13903.8,383.6,1378.8,4428.6,8256.6,14078.3,357.7,885.3,2492.0,4684.3,7978.2,328.4,1007.8,2950.9,5693.1,9709.8,469.1,1475.9,4322.0,8641.7,14755.8,196.3,754.5,2223.3,4220.8,7247.4,124.5,308.0,900.7,1662.7,2887.1,1705.0,4929.0,14726.0,28378.0,49401.0,1371.0,4034.0,11617.0,22144.0,37739.0,334.0,895.0,3108.0,6233.0,11662.0,135.0,843.0,813.0,833.0,901.0,903.0,"4235 Veteran Dr, Geneseo",23.37,33.63
1070 NY-414,Waterloo,NY,13165,3500000.0,120.0,42.972386,-76.852203,04 - FARM,Seneca,Commercial,Upstate NY Property Development,Cushman & Wakefield | Pyramid Brokerage Company,Gregory J. Hamel,3154451030.0,3154452074.0,,,No,,,,-6.58,-2.24,-2.81,-1.12,1639,1659,1504,1460,10927,11196,10459,10225,44112,41808,40634,40178,61956,79862,64234,80633,64875,57480,72943,60677,74262,61236,55978,72473,58770,73411,59243,3,158,62,12,18,26,171,3,153,59,12,17,25,166,134177,133660,9,1050,264,76,37,63,1414,9,1025,256,75,36,61,1381,104048,103951,85,3594,1167,608,198,176,5210,85,3538,1151,605,197,174,5135,108598,108691,-9.36,-5.69,-2.53,2025-02-24,Upstate NY,10797.0,40786.0,103951.0,164464.0,255971.0,527.0,2353.1,5993.4,8967.3,13581.2,578.4,2478.3,6100.6,9206.1,14103.9,635.1,2396.8,5928.8,9496.4,14994.5,704.9,2275.2,6589.6,10003.5,14883.3,5215.0,19562.0,48458.0,77369.0,121592.0,859.0,907.0,928.0,939.0,972.0,531.2,2377.2,6670.6,9978.3,15149.4,1389.3,5003.0,12812.1,20186.5,30643.6,1118.5,4629.3,12068.5,19075.8,29557.8,1269.4,4878.5,11775.0,18727.3,30307.4,737.5,3108.0,7415.2,11827.6,18658.3,899.1,3417.2,7841.3,13229.1,20355.0,1246.0,4697.3,12059.7,19923.3,31555.7,737.5,2031.5,5911.3,9481.4,15592.5,423.5,1140.9,2784.4,4361.1,6588.1,4763.0,17699.0,43442.0,68610.0,107104.0,3118.0,12191.0,29143.0,49013.0,77756.0,1645.0,5508.0,14299.0,19597.0,29348.0,80.0,989.0,1026.0,985.0,989.0,1039.0,"1860 N Rd, Waterloo",4.85,8.6
7892 Oak Orchard Rd,Batavia,NY,14020,,526.0,43.0301556,-78.2001778,B  00,Genesee,Single Family Development,Offhaus Farms Inc,Mancuso Commercial Realty,Anthony Mancuso,5853435257.0,5853435550.0,,,No,,,,-2.86,-1.83,-2.44,-1.75,16563,16151,15427,15092,26428,26040,25294,24831,40081,38951,38002,37338,54719,69608,54873,69862,54956,56604,73594,57793,74213,58029,60846,77790,62364,78256,62491,25,1497,466,95,51,63,1359,24,1472,460,93,49,63,1323,127989,128464,28,2656,1071,188,102,82,2241,27,2617,1062,184,100,82,2192,135504,135919,80,4673,1789,300,187,134,3446,77,4604,1769,295,184,133,3375,139771,140041,-4.42,-2.86,-2.42,2025-02-24,Upstate NY,25525.0,39043.0,80766.0,157772.0,329068.0,1254.0,1957.9,3878.1,7873.7,16363.3,1353.8,2111.9,4021.2,7927.1,17574.2,1549.6,2471.3,4851.9,9158.4,19013.2,1326.3,2189.7,4512.4,9727.3,20372.9,12150.0,17775.0,34984.0,68440.0,142267.0,931.0,924.0,910.0,909.0,1018.0,1436.5,2126.5,4319.5,9782.5,19165.7,3328.2,4922.5,10563.1,19695.8,39157.7,3131.2,4708.2,10067.2,18961.8,39315.1,3202.9,4890.4,10234.8,19003.2,40416.5,1818.2,2825.0,6603.7,12881.2,26204.7,1754.0,2950.6,6203.0,12357.4,26111.1,2975.4,4543.8,9112.2,18200.2,38902.8,1549.2,2283.1,4419.1,8726.0,18627.5,845.7,1061.5,1980.3,3477.2,7843.0,11604.0,16954.0,33073.0,64088.0,133532.0,7433.0,11996.0,24791.0,48127.0,103359.0,4171.0,4958.0,8281.0,15961.0,30173.0,53.0,961.0,957.0,952.0,960.0,1067.0,"1200 Marketplace Dr, Rochester",32.65,33.57
Pavement & Walden Ave,Lancaster,NY,14086,,82.0,42.9243979,-78.6254677,C,Erie,"Commercial, Industrial, Office, Warehouse",Uniland Development Co.,Uniland Development Co.,Noah Cliff,7166708063.0,7168345034.0,,,No,"Area of moderate flood hazard, usually the area between the limits of the 100-year and 500-year floods.",06/07/2019,100-year and 500-year Floodplain,2.87,-0.28,0.64,-0.69,17368,21102,21555,21465,67085,74289,76418,76203,370192,379467,381914,379267,76211,97907,79379,98241,79805,77529,102058,80070,102213,79819,68849,93981,71659,93924,71442,28,2032,2157,1337,362,309,353,28,2015,2151,1337,360,311,350,241910,242352,184,8086,7575,3641,1324,1640,1994,187,8032,7555,3636,1324,1649,1989,228277,228656,1131,36219,29322,15905,7349,8170,15061,1129,35910,29252,15888,7349,8176,14780,218070,218980,1.41,2.3,0.39,2025-02-24,Upstate NY,75967.0,389499.0,863271.0,1023604.0,1157205.0,3655.1,21406.3,47154.3,54327.6,61067.1,4272.8,22511.1,49492.9,58464.8,66408.1,3843.2,23100.1,48360.5,57689.6,65056.8,3730.7,25302.2,52657.2,62445.3,69696.2,34179.0,172574.0,401299.0,472208.0,536218.0,1150.0,1124.0,1050.0,1046.0,1027.0,3687.4,23548.5,56866.3,64839.2,72346.5,9019.4,47847.0,124994.0,143285.6,159758.5,9034.9,46849.6,105902.4,125587.8,141598.9,9243.6,45170.9,98498.3,119943.0,136621.3,5975.7,27104.9,59618.9,72267.4,82796.2,6497.5,28170.8,60140.8,72511.9,83074.7,9206.2,43414.8,94041.2,113947.0,129621.0,5365.8,23919.0,44770.6,53669.6,60991.4,2434.8,11153.6,20773.8,24625.2,28167.8,32701.0,163142.0,372688.0,439672.0,497986.0,25442.0,117921.0,236767.0,288126.0,329028.0,7259.0,45221.0,135920.0,151546.0,168958.0,34.0,1210.0,1196.0,1115.0,1111.0,1090.0,"3290 Sheridan Dr, Amherst",13.34,22.02
Pittsford Palmyra Road,Fairport,NY,14450,,114.72,43.065895,-77.3797734,,Monroe,,,Cushman and Wakefield/Pyramid Brokerage Company,Martin Manilla,5852489426.0,5852483981.0,,,Yes,The base floodplain where base flood elevations are provided. AE Zones are now used on new format FIRMs instead of A1-A30 Zones.,08/28/2008,100-year Floodplain,-0.57,-1.03,-1.04,-1.07,15708,16117,15760,15537,52069,58753,58420,57819,180840,201097,199005,196881,112272,139854,113469,139496,113034,97426,124134,99006,123149,97426,91656,121307,94475,121110,93782,5,1336,1634,1066,493,355,148,5,1317,1608,1047,486,351,149,263310,263152,46,5286,6476,3100,1817,1157,513,46,5227,6396,3056,1802,1153,514,252478,252470,501,18476,19187,11084,5543,4265,3473,495,18246,18942,10943,5478,4225,3449,248551,248537,-2.43,-0.83,-1.26,2025-02-24,Upstate NY,58643.0,204472.0,575120.0,799673.0,916598.0,2958.2,10156.1,29379.6,42010.7,47824.1,3214.3,12321.2,31353.9,44524.7,50781.7,3559.0,13529.3,35318.7,48651.5,55382.7,3346.0,12408.4,36934.6,51853.2,59730.4,25740.0,87589.0,262081.0,362463.0,415349.0,1320.0,1306.0,1147.0,1135.0,1133.0,2197.8,9293.7,38458.8,50639.1,57506.1,4898.6,19313.6,78804.4,109321.2,122009.5,8223.5,26420.7,70782.2,98953.0,111683.6,8423.3,27762.7,68529.3,95266.1,109549.5,4787.8,15879.1,39661.5,56006.5,64957.6,4094.0,14342.7,38404.9,54782.1,64384.8,7516.9,24356.2,61870.0,85650.5,100964.2,3978.5,12727.2,31179.4,42447.3,49295.8,1445.6,5961.2,14442.6,19566.6,22528.4,24915.0,84370.0,244986.0,338913.0,386912.0,20105.0,66585.0,152225.0,217213.0,254341.0,4810.0,17785.0,92762.0,121700.0,132572.0,7.0,1378.0,1381.0,1217.0,1211.0,1209.0,"1200 Marketplace Dr, Rochester",13.21,26.02
5219 Rome Taberg Rd,Rome,NY,13440-1725,445000.0,150.0,43.2595467,-75.53816,Agriculture,Oneida,"Agribusiness, Agricultural, Commercial, Golf Course/Driving Range",,Canaan Realty,Allen Olmsted,3156824500.0,3156824214.0,,,No,"Area of moderate flood hazard, usually the area between the limits of the 100-year and 500-year floods.",09/27/2013,100-year and 500-year Floodplain,0.68,-1.23,1.17,-1.08,3030,2802,2920,2904,23687,21639,21786,21518,58379,53539,54167,53581,79375,83209,71430,79695,69017,63853,74959,61758,73968,60606,61901,74426,61562,74007,60977,0,343,193,68,45,22,293,0,340,192,68,44,22,290,155101,155294,17,2230,965,484,237,205,2130,17,2202,958,480,234,202,2098,145022,145299,34,5465,2303,886,630,394,5047,34,5391,2278,880,623,389,4975,142680,142849,3.93,0.53,0.94,2025-02-24,Upstate NY,21779.0,52998.0,102390.0,225126.0,291156.0,1299.6,2990.9,5382.9,12213.2,15857.3,1206.1,3156.3,5747.5,12779.9,16685.5,1127.2,2949.9,5726.5,14329.9,18659.3,1170.5,2920.4,5505.6,14461.3,18480.9,10398.0,25093.0,47638.0,103679.0,134668.0,920.0,878.0,897.0,929.0,935.0,1303.7,2848.5,5731.6,14457.9,17711.2,2814.5,7218.8,12927.1,27288.4,34447.2,2346.3,5591.6,11027.5,26181.2,34339.8,2634.8,6543.8,13397.4,27687.6,35494.4,1589.0,4183.1,7889.8,15436.4,20908.0,1754.0,4160.1,8231.9,16236.9,21616.9,2483.9,5984.0,12239.0,25466.9,33406.2,1465.8,3165.2,5968.6,12986.3,16463.1,583.8,1285.3,2614.8,5599.8,7086.5,9590.0,22604.0,43074.0,93047.0,119185.0,6914.0,15444.0,31201.0,63286.0,83946.0,2677.0,7160.0,11874.0,29760.0,35238.0,51.0,944.0,931.0,943.0,992.0,999.0,"4765 Commercial Dr, New Hartford",19.45,30.37
Route 31,Clay,NY,13041,,181.84,43.185304,-76.171339,Varies,Onondaga,,,Cushman & Wakefield | Pyramid Brokerage Company,Mark Austin,3154451030.0,3154452074.0,,,No,"Area of moderate flood hazard, usually the area between the limits of the 100-year and 500-year floods.",11/04/2016,100-year and 500-year Floodplain,-4.04,-2.75,-2.91,-2.43,16955,18710,17422,16826,86428,90014,86376,84003,260908,276625,268578,262047,97096,117303,103578,117644,104535,79148,98841,80526,98885,79731,62127,81954,62868,81976,62496,55,2856,1700,525,77,293,366,54,2754,1634,505,75,284,354,189985,189905,214,14167,6651,1446,307,760,2173,209,13724,6442,1399,298,741,2111,175428,175422,464,32555,13274,4564,1114,1820,13452,459,31652,12917,4446,1087,1773,13091,161955,161991,-7.13,-4.15,-2.68,2025-02-24,Upstate NY,89321.0,274026.0,459618.0,535807.0,616434.0,4864.3,14529.3,25432.2,29673.3,33341.3,5211.4,15878.2,26221.7,30376.8,34905.0,5456.2,17719.3,28354.9,33173.6,38139.9,4629.6,14824.7,33186.1,37628.4,42952.9,38827.0,127866.0,206430.0,240189.0,278442.0,1168.0,1073.0,1063.0,1052.0,1050.0,5055.5,16389.8,30982.9,34836.6,39263.8,12054.7,39473.3,61124.6,69664.6,78266.3,11758.2,35005.8,55535.7,64422.1,73624.5,11497.5,33735.2,53643.9,62936.8,73369.5,5965.3,18288.2,30175.8,36747.0,43094.0,7015.8,21299.5,33617.3,39816.9,46355.1,9631.3,28905.2,48302.8,57567.2,67370.5,4676.5,12471.5,22594.6,26696.0,31444.6,1504.9,5506.6,10446.0,12267.4,14306.7,37206.0,118990.0,189963.0,221021.0,253815.0,27636.0,74101.0,123619.0,147843.0,174080.0,9571.0,44888.0,66344.0,73179.0,79735.0,14.0,1186.0,1108.0,1125.0,1111.0,1109.0,"6438 Basile Rowe, East Syracuse",15.76,21.27
12 Schroeppel Rd,Pennellville,NY,13132-3135,2200000.0,114.9,43.2311137,-76.2206047,,Oswego,"Apartment Units, Apartment Units - Condo, Apartment Units - Dorms, Apartment Units - Senior, Apartment Units - Subsdzd, Industrial, Industrial Park",,Canaan Realty,Allen Olmsted,3156824500.0,3156824214.0,,,No,"Area of moderate flood hazard, usually the area between the limits of the 100-year and 500-year floods.",11/04/2016,100-year and 500-year Floodplain,-2.66,-2.02,-3.51,-2.4,5127,5007,5017,4979,33917,37059,36073,35346,163124,173131,167051,163035,80278,91051,74746,87986,69425,79011,102141,80254,100712,78594,75753,95509,75331,95067,74219,70,789,418,151,27,101,214,71,782,412,151,26,99,216,185044,184718,177,4861,3176,1235,207,470,1052,176,4748,3089,1205,202,461,1043,193334,193070,364,25384,11828,3854,887,1365,6610,360,24690,11500,3754,863,1335,6460,173022,172988,0.0,-2.91,-3.7,2025-02-24,Upstate NY,37545.0,172232.0,401593.0,528378.0,615760.0,1995.6,8784.5,22365.4,29149.5,33301.1,2132.2,9677.2,23031.6,29991.9,34899.3,2494.9,10858.3,26019.5,32523.4,37926.7,1827.4,9114.3,27366.5,37515.9,44707.3,16736.0,76570.0,182660.0,237708.0,277518.0,1253.0,1168.0,1054.0,1054.0,1048.0,2141.5,9739.0,25989.8,34574.6,40622.0,4225.0,21801.9,55264.6,69301.3,78402.4,4725.9,22037.5,49672.1,63465.4,73066.4,5322.8,22007.9,47258.1,62195.0,72313.2,2990.5,12689.3,26622.7,36240.6,42669.5,2909.1,13872.8,29770.7,38825.5,45981.2,4313.7,19529.4,41476.8,56480.9,66659.8,1879.4,8678.9,18372.9,26262.2,31105.2,587.0,3441.3,8381.6,11851.9,14106.2,15802.0,72917.0,168180.0,218221.0,252656.0,11866.0,53769.0,107063.0,145362.0,171582.0,3935.0,19148.0,61117.0,72860.0,81074.0,46.0,1256.0,1202.0,1106.0,1112.0,1108.0,"6438 Basile Rowe, East Syracuse",21.04,26.8
4540 Seneca Turnpike W,Syracuse,NY,13215,1000000.0,88.0,43.0045512,-76.1639611,,Onondaga,"Hold for Development, Single Family Development",,Cushman & Wakefield | Pyramid Brokerage Company,Joyce Mawhinney Macknight,3154451030.0,3154452074.0,,,Yes,"River or stream flood hazard areas, and areas with a 1% or greater chance of shallow flooding each year. These areas have a 26% chance of flooding over the life of a 30-year mortgage.",11/04/2016,100-year Floodplain,-1.3,-2.1,-2.14,-2.33,79395,78664,79380,78155,177612,181533,179166,175403,340634,346056,338645,330749,44456,65517,43647,65687,43136,47163,70030,48168,70501,48290,58611,80877,59643,81190,59547,76,3683,1825,1150,430,383,4653,76,3585,1776,1115,423,375,4574,139288,138716,287,11533,5239,2396,1034,1228,8973,282,11225,5094,2328,1012,1196,8749,155250,155180,526,34010,15885,5110,2202,2728,17048,519,33039,15442,4970,2151,2655,16609,163823,163813,2.93,-0.08,-1.64,2025-02-24,Upstate NY,178141.0,341581.0,464032.0,522861.0,610530.0,10650.3,18932.1,25351.4,28522.4,33064.4,10212.4,19216.0,26414.9,29275.3,33848.0,11062.2,20047.9,28610.6,32101.3,37177.3,18074.2,26903.2,33571.5,37132.0,41860.2,80465.0,155358.0,208207.0,234973.0,276756.0,1000.0,1042.0,1062.0,1061.0,1046.0,15715.4,24883.8,30788.9,34116.4,38839.4,25856.6,46747.7,60520.0,66994.1,77716.8,19879.3,40459.9,56131.7,62494.9,73791.4,17794.4,37871.2,53727.7,61165.9,71879.2,9581.5,20526.9,30087.2,35116.5,41960.5,10753.4,24329.9,34535.7,39418.0,46694.4,16697.2,35511.5,49436.0,57095.3,67460.8,7546.3,17352.5,23738.3,27134.8,32156.8,4317.8,8798.9,11118.2,12293.5,14080.6,71076.0,142275.0,191832.0,215627.0,252267.0,35297.0,85703.0,125563.0,144867.0,171390.0,35778.0,56572.0,66270.0,70760.0,80877.0,6.0,1075.0,1111.0,1126.0,1121.0,1104.0,"6438 Basile Rowe, East Syracuse",9.62,17.28
1135 Toggenburg Rd,Fabius,NY,13063-9788,1995000.0,156.0,42.82627,-75.95987,C1,Onondaga,"Commercial, Golf Course/Driving Range, Hold for Development, Hold for Investment, Hospitality, Lodge/Meeting Hall, Mixed Use, Office, Open Space, Pasture/Ranch, Restaurant, Spclty/Festvl/Entertnmnt, Storefront, Trailer/Camper Park, Warehouse, Winery/Vineyard",,Canaan Realty,Allen Olmsted,3156824500.0,3156824214.0,,,No,"Area of moderate flood hazard, usually the area between the limits of the 100-year and 500-year floods.",11/04/2016,100-year and 500-year Floodplain,-14.65,-5.13,-6.61,-2.85,1199,1260,1077,1020,3295,3269,2790,2647,20453,19843,18532,18003,77467,102629,78813,103896,78302,79390,103510,81937,104808,82122,83774,108355,85221,108507,84893,0,124,64,59,16,8,64,0,117,61,55,15,8,61,183467,183333,6,297,167,159,39,32,193,6,280,159,150,37,32,182,185353,186071,89,1727,1475,953,402,501,802,87,1669,1427,926,394,497,771,230203,231219,-14.64,-14.51,-6.5,2025-02-24,Upstate NY,3361.0,20070.0,76884.0,326120.0,499967.0,153.6,869.4,4065.2,17738.0,26357.7,174.4,958.7,4124.1,18194.1,27656.9,195.7,1068.9,4321.8,19283.3,29133.9,144.9,1529.0,4962.4,28951.9,39922.2,1523.0,8744.0,34297.0,146898.0,227672.0,880.0,1083.0,1067.0,1004.0,1021.0,134.5,1456.6,4103.4,26524.4,37478.8,331.1,1893.2,7286.8,42571.2,63311.9,382.4,2090.6,9021.8,36662.0,58109.8,462.4,2366.7,9376.8,35501.7,57346.8,288.3,1794.3,6092.2,20317.2,31989.2,354.8,1819.3,6626.3,23070.6,37220.4,429.0,2561.9,9555.7,33333.3,53645.8,184.0,1108.1,4984.7,16151.0,25945.1,126.1,553.7,2362.8,7821.7,11848.5,1409.0,7838.0,31241.0,130844.0,204519.0,1283.0,6773.0,25173.0,80382.0,133428.0,126.0,1065.0,6068.0,50462.0,71092.0,42.0,996.0,1049.0,1159.0,1075.0,1085.0,"6438 Basile Rowe, East Syracuse",21.27,30.47
us route 11 Rt,Central Square,NY,13036,9500000.0,200.0,43.2624125,-76.1431314,COM,Oswego,"Apartment Units, Apartment Units - Condo, Apartment Units - Dorms, Apartment Units - Senior, Apartment Units - Subsdzd, Distribution, Manuftrd Hms/Mobl Hm Prk, Office, Warehouse",,Canaan Realty,Allen Olmsted,3156824500.0,3156824214.0,,,No,"Area of moderate flood hazard, usually the area between the limits of the 100-year and 500-year floods.",01/01/1900,100-year and 500-year Floodplain,-3.11,-1.36,-3.03,-2.16,8569,9842,9511,9358,16069,17693,17143,16910,118671,125060,121269,118654,70911,95512,74543,94784,74047,73499,93048,73917,91566,72610,79143,98084,78936,97389,77554,0,1269,782,282,76,136,277,0,1247,769,279,74,134,274,189361,189374,70,2379,1298,614,108,244,703,70,2346,1279,606,105,239,700,184278,184078,327,18574,9033,2929,606,1194,4497,323,18111,8800,2860,591,1167,4427,175820,175713,-3.96,-3.59,-3.19,2025-02-24,Upstate NY,18205.0,122694.0,318318.0,515771.0,611384.0,1048.0,6319.9,17165.7,28510.0,33215.3,1033.4,7134.0,18486.4,29158.9,34632.7,1099.2,7771.2,20558.9,32105.1,37679.3,768.6,6486.7,16882.9,36619.4,44459.6,8347.0,53450.0,147425.0,232813.0,276297.0,1075.0,1138.0,1062.0,1052.0,1047.0,1015.6,6767.3,18650.0,33892.8,40432.4,2091.1,15465.6,44662.1,67660.6,77951.1,2118.9,15787.0,40415.4,62098.5,72694.4,2686.2,15929.3,39723.3,60833.7,72031.9,1480.5,9193.1,22363.9,34921.8,42286.5,1570.2,9886.9,24345.4,37952.3,45519.2,1959.1,13803.3,34148.4,54897.3,65792.3,893.3,6001.2,14736.4,25530.0,30766.1,441.3,2148.8,6178.6,11590.2,13923.6,7598.0,50692.0,136616.0,212986.0,251139.0,5797.0,39128.0,88826.0,141343.0,170171.0,1801.0,11564.0,47790.0,71644.0,80968.0,83.0,1069.0,1176.0,1096.0,1111.0,1105.0,"6438 Basile Rowe, East Syracuse",19.37,24.17
4885 Verplank Rd,Clay,NY,13041-9603,11500000.0,180.0,43.2027726,-76.177554,,Onondaga,"Airplane Hangar, Airport, Apartment Units, Apartment Units - Condo, Apartment Units - Dorms, Apartment Units - Senior, Apartment Units - Subsdzd, Commercial, Hold for Development, Hold for Investment, Industrial, Industrial Live/Work Unit, Industrial Park, Retail, Retail Warehouse, Single Family Development, Storefrnt Retail/Residntl, Storefront, Storefront Retail/Office, Warehouse",,Canaan Realty,Allen Olmsted,3156824500.0,3156824214.0,,,No,"Area of moderate flood hazard, usually the area between the limits of the 100-year and 500-year floods.",11/04/2016,100-year and 500-year Floodplain,-3.86,-2.63,-3.39,-2.47,9580,12455,11665,11293,60939,64038,61569,59951,205234,219376,211934,206700,89680,111178,94125,109845,93883,86265,105984,89361,105698,88814,69008,89001,69268,88883,68657,55,1580,1180,478,99,165,208,53,1527,1137,462,96,161,203,208008,207872,219,10347,5357,1179,224,696,1470,216,10040,5195,1144,218,677,1436,179984,179949,394,28158,12640,4371,1023,1624,10452,389,27379,12302,4258,997,1585,10193,167046,167053,-6.59,-4.06,-3.53,2025-02-24,Upstate NY,64956.0,217818.0,455387.0,535390.0,621904.0,3565.1,11709.6,25332.1,29623.0,33640.1,3769.3,13240.1,25949.2,30399.7,35231.1,4225.6,14539.0,28227.4,33208.4,38374.0,3263.5,11556.9,33024.6,37686.4,43787.7,27664.0,98209.0,204989.0,240065.0,281362.0,1209.0,1112.0,1056.0,1052.0,1049.0,3707.2,11951.8,30973.2,34800.1,40565.8,8219.7,28516.0,61112.9,69624.5,79075.8,8520.2,27735.5,54770.4,64425.7,74087.8,8881.0,27764.2,53187.1,62923.7,73610.2,4581.0,15375.8,29870.3,36703.0,43210.0,4998.7,17158.2,33018.2,39690.5,46677.6,7015.4,23729.8,47640.2,57453.2,67668.3,3304.4,10342.9,22023.3,26617.5,31591.1,904.5,4198.3,10258.0,12234.0,14384.1,26535.0,92435.0,188433.0,220819.0,256087.0,20907.0,63773.0,121619.0,147675.0,174559.0,5628.0,28662.0,66814.0,73144.0,81528.0,22.0,1200.0,1144.0,1115.0,1111.0,1109.0,"6438 Basile Rowe, East Syracuse",17.24,24.53
11580 Walden Ave,Alden,NY,14004-9715,,152.0,42.935961,-78.557225,R-C,Erie,"Apartment Units, Commercial, Hold for Development, Industrial, Office, Single Family Development, Trailer/Camper Park, Unknown, Warehouse",,CBRE Upstate NY,Lida Eberz,7168553700.0,7168553725.0,,,Yes,The base floodplain where base flood elevations are provided. AE Zones are now used on new format FIRMs instead of A1-A30 Zones.,06/07/2019,100-year Floodplain,5.25,0.14,2.62,-0.34,4245,4720,4759,4727,20067,22606,23792,23826,169873,183113,187910,187278,77324,90508,76264,89463,74917,77916,98653,79764,98409,78940,79339,105656,82321,105325,81736,5,316,660,305,124,150,119,5,314,654,302,123,150,119,261287,261238,82,1511,2799,1554,682,689,548,83,1511,2792,1550,687,697,549,266934,267138,458,17740,17087,9868,5221,5913,4272,460,17583,17024,9854,5228,5923,4241,248384,248945,0.51,4.67,2.25,2025-02-24,Upstate NY,24537.0,185343.0,613702.0,993373.0,1122600.0,1190.9,9140.1,33088.3,53298.0,59439.1,1267.7,9976.0,34838.0,56629.8,64034.7,1382.7,10340.4,35429.5,56145.8,63582.0,1059.9,9507.1,38734.4,59929.9,67640.5,10813.0,82534.0,276232.0,459657.0,517235.0,1099.0,1239.0,1090.0,1041.0,1039.0,807.3,8540.1,40411.3,63602.2,70036.6,2278.6,20961.3,80571.9,141493.3,155425.5,3252.7,22136.4,74056.4,121373.0,137709.0,2649.0,22808.3,70005.9,115423.3,132110.9,1837.5,14647.8,43573.6,69624.8,80280.5,2396.0,14559.5,44095.1,70042.3,80667.6,3189.6,22919.5,69030.7,109694.7,125500.3,2084.9,13344.1,33923.8,52066.7,59038.7,1139.7,6461.9,15943.0,24049.4,27134.7,10104.0,78785.0,258667.0,427364.0,481948.0,8068.0,61956.0,179468.0,276809.0,320087.0,2036.0,16830.0,79199.0,150555.0,161862.0,97.0,1190.0,1320.0,1153.0,1106.0,1101.0,"3290 Sheridan Dr, Amherst",16.92,26.32
6150 Lake Rd,Brockport,NY,14420-9735,999900.0,105.699999,43.152725,-77.928929,,Monroe,,ROCHESTER CHRISTIAN CHURCH INC,Howard Hanna Real Estate Services,James Blaine,5857567300.0,5852232769.0,,,No,"Area of moderate flood hazard, usually the area between the limits of the 100-year and 500-year floods.",08/28/2008,100-year and 500-year Floodplain,1.03,-0.66,-0.52,-1.12,2607,2543,2574,2558,21850,22492,22723,22574,83863,90005,89534,88528,81604,100485,94515,100594,96183,69309,84196,63938,83644,62560,72960,91003,72162,90885,71668,27,305,313,24,90,6,73,26,301,315,24,91,6,70,213099,214444,87,2529,1452,306,266,91,1075,85,2505,1445,303,265,90,1059,172281,172534,195,13001,5895,1898,949,357,3479,191,12811,5825,1882,936,352,3433,172363,172453,1.98,1.33,-0.58,2025-02-24,Upstate NY,22126.0,89639.0,322049.0,657316.0,819411.0,1017.8,4796.1,18000.6,35007.7,42856.2,1040.8,4649.7,17626.0,34873.9,44168.8,1068.2,4904.1,19973.2,39416.6,49966.8,2624.5,7016.3,25502.4,45579.0,55859.0,8857.0,37736.0,137273.0,298060.0,367851.0,992.0,1121.0,1098.0,1090.0,1111.0,2445.4,5873.3,21516.5,46666.1,55206.7,2440.4,10655.1,41572.5,97958.9,114316.9,2189.2,9764.2,37418.3,78885.2,98538.2,2444.3,10645.5,37471.0,75807.9,96080.7,1618.8,7208.3,23402.3,45590.9,57548.6,1611.5,6956.1,22419.5,43010.1,55584.0,2208.0,10454.8,34723.3,67795.2,87100.7,1070.4,4682.7,15722.9,31813.2,42222.3,347.2,2032.8,6701.0,14911.2,19962.2,8237.0,36040.0,128553.0,277023.0,343737.0,5905.0,27216.0,88485.0,169095.0,220317.0,2333.0,8824.0,40068.0,107928.0,123420.0,23.0,1068.0,1169.0,1184.0,1168.0,1188.0,"1200 Marketplace Dr, Rochester",25.35,28.95
5342 Taberg Rd,Rome,NY,13440,16000000.0,562.0,43.253653,-75.5341545,,Oneida,,,Coldwell Banker Commercial,Eun Hwang,2017670550.0,2017840825.0,,,Yes,Areas with a 1% annual chance of flooding and a 26% chance of flooding over the life of a 30-year mortgage.,09/27/2013,100-year Floodplain,0.22,-1.03,0.68,-0.85,2881,2690,2753,2741,28114,25892,25949,25682,59067,54197,54568,54105,79517,83899,71778,81242,69894,60442,73534,59911,73273,59450,62235,75298,62422,75246,62229,0,323,168,64,51,26,276,0,321,168,64,51,25,274,155108,155295,18,2446,1062,546,277,239,2434,18,2422,1059,548,273,235,2399,144031,144508,35,5495,2326,895,661,404,5026,35,5429,2307,893,654,399,4961,143585,143801,1.93,0.1,0.44,2025-02-24,Upstate NY,26848.0,53354.0,107188.0,233954.0,292252.0,1606.9,3016.5,5589.6,12795.1,15913.0,1537.8,3178.6,6032.4,13496.3,16721.0,1405.5,2959.9,6062.3,14986.3,18719.6,1481.0,2934.1,5819.8,15092.2,18623.0,13008.0,25224.0,49705.0,107381.0,135075.0,894.0,878.0,898.0,927.0,935.0,1585.8,2857.3,6096.0,14995.1,17820.9,3568.4,7282.1,13398.8,28332.0,34548.2,2798.5,5626.8,11557.4,27326.1,34464.0,3183.5,6588.6,14059.6,28532.6,35631.3,1949.8,4217.6,8141.7,16093.3,20987.8,2011.0,4196.9,8557.5,16874.3,21677.2,3094.8,6029.1,12843.4,26285.4,33507.3,1851.1,3176.0,6292.6,13373.8,16529.9,774.2,1290.4,2737.3,5771.9,7108.9,11961.0,22741.0,45059.0,96447.0,119580.0,8018.0,15569.0,32772.0,65368.0,84247.0,3943.0,7173.0,12287.0,31079.0,35333.0,41.0,916.0,931.0,945.0,991.0,998.0,"6438 Basile Rowe, East Syracuse",40.81,47.85
County Route 59,Phoenix,NY,13135,2400000.0,305.0,43.2507867,-76.3335493,I,Oswego,Industrial,,"Operation Oswego County, Inc.",Austin Wheelock,3155321277.0,,,,No,"Area of moderate flood hazard, usually the area between the limits of the 100-year and 500-year floods.",01/01/1900,100-year and 500-year Floodplain,-2.04,-1.26,-2.94,-1.91,6360,5812,5680,5635,17225,17482,17125,16909,110734,117492,114040,111859,69765,79363,66767,76612,64913,78696,92079,72062,88368,69062,72876,93586,71939,92382,70429,7,696,283,140,1,145,407,7,689,279,139,1,145,405,162140,162046,85,2075,1259,662,77,290,920,86,2045,1236,649,75,288,916,185011,184669,262,14516,7520,2861,704,1137,6125,259,14189,7324,2789,686,1120,6038,171903,171636,-2.37,-2.21,-3.18,2025-02-24,I85 Corridor,14491.0,105829.0,251085.0,511929.0,607513.0,761.5,5838.2,13242.3,27696.7,33182.0,755.5,5966.8,14135.5,29232.1,34236.0,1048.4,7249.6,15983.0,31835.7,36983.7,748.7,5763.6,13699.9,38882.0,44348.0,6317.0,46514.0,112326.0,230830.0,274817.0,1062.0,1155.0,1122.0,1048.0,1043.0,745.6,5907.5,13969.8,35650.0,40465.5,1426.1,12515.9,31191.7,67938.4,78731.2,1660.7,13454.0,32000.0,60537.8,71966.7,1780.5,13623.7,31534.0,59207.9,71172.2,1633.7,8116.2,19047.6,34586.0,41331.2,1134.9,8048.5,19908.5,37189.8,45165.1,1752.6,11988.0,28466.4,53712.6,65442.8,795.9,5143.3,12450.4,24172.6,30616.5,246.9,2213.6,5455.5,11287.0,13872.0,5967.0,44002.0,106082.0,210489.0,250222.0,4598.0,32205.0,77915.0,137282.0,167385.0,1369.0,11797.0,28167.0,73207.0,82837.0,59.0,1146.0,1165.0,1152.0,1104.0,1102.0,"6438 Basile Rowe, East Syracuse",24.79,29.32
6608 Crosby Rd,Alabama,NY,14013,,310.0,43.0927929,-78.4067356,TD,Genesee,"Commercial, Distribution, Hold for Development, Industrial, Industrial Live/Work Unit, Industrial Park, Master Planned Community, Medical, Mixed Use, Office, Office Park, Open Space, R&D, Retail Warehouse, Warehouse",,Genesee County Economic Development Center,Chris Suozzi,5853434866.0,5853430848.0,,,No,,,,2.84,-0.74,-1.61,-1.5,1282,946,995,992,3400,2751,2829,2808,34661,32730,32202,31719,63088,73525,66021,72750,66400,64149,77923,66609,77869,66947,61674,77846,62408,77784,62060,4,155,45,7,2,5,117,4,155,45,7,2,5,117,132580,132580,6,405,145,28,59,24,289,6,402,144,28,58,24,286,146666,146766,88,3464,1770,820,483,316,3065,86,3407,1749,805,484,317,3011,155946,156310,5.31,2.62,-1.7,2025-02-24,I85 Corridor,3017.0,33842.0,131321.0,333073.0,765300.0,105.5,1670.2,5827.9,16538.0,40263.5,176.0,1883.6,7128.5,18268.6,42283.7,246.6,2398.9,8659.0,19812.8,43490.4,206.0,1844.9,6605.3,19247.7,47115.9,1262.0,15203.0,58279.0,146287.0,344085.0,829.0,852.0,895.0,1120.0,1066.0,129.9,1598.2,6608.8,17431.3,49351.5,306.8,4121.8,15564.6,37806.9,101156.0,424.6,3986.8,16211.0,40975.8,92578.5,362.2,4231.8,17104.9,41370.3,89824.8,285.2,2735.0,10596.5,26012.1,56170.5,236.4,2850.3,10384.3,25220.7,54894.7,324.7,4038.9,15955.0,40383.2,86846.3,157.5,1852.3,7385.2,20447.4,42154.8,55.8,629.8,3289.6,9558.5,19169.4,1218.0,14110.0,54708.0,137551.0,323059.0,1028.0,10797.0,41316.0,105687.0,229761.0,190.0,3313.0,13391.0,31864.0,93298.0,77.0,848.0,901.0,957.0,1192.0,1126.0,"3290 Sheridan Dr, Amherst",30.5,33.83
2200 Hencle Blvd,Baldwinsville,NY,13027,8000000.0,123.5,43.184868,-76.001201,Industrial,Onondaga,Warehouse,,Cushman & Wakefield | Pyramid Brokerage Company,Christopher Savage,3154451030.0,3154452074.0,,,No,"Area of moderate flood hazard, usually the area between the limits of the 100-year and 500-year floods.",11/04/2016,100-year and 500-year Floodplain,-2.91,-2.34,-3.11,-2.3,13430,16366,15989,15618,32332,38889,37757,36872,115041,121145,117375,114680,84214,102679,79195,100989,76931,78489,104478,79463,103845,78314,74045,94997,73086,94300,71962,0,1824,1506,562,220,66,299,0,1774,1461,546,214,64,292,207669,207495,37,4133,3066,1491,437,403,1251,37,4017,2980,1447,426,397,1218,200815,200872,283,15771,8382,3044,754,1070,4912,281,15344,8120,2960,737,1051,4815,177331,177156,-1.99,-3.16,-3.27,2025-02-24,I85 Corridor,15758.0,124591.0,411822.0,528314.0,598215.0,835.6,6412.1,22383.3,28584.5,32519.2,1111.6,6740.2,23338.2,29911.6,33670.2,1048.1,7516.0,25363.3,32391.7,36704.6,1033.9,6141.6,30953.2,37624.6,41578.4,6705.0,55896.0,186056.0,238392.0,270624.0,955.0,1030.0,1040.0,1053.0,1045.0,587.0,6611.3,28179.7,34730.8,38341.5,1742.5,17173.7,55037.4,67726.7,75878.5,1948.4,15086.8,49889.2,63145.8,70969.9,2074.9,15966.0,48543.9,62851.0,71914.2,1330.2,9240.3,26305.0,35886.9,41767.1,1421.7,10798.5,30083.7,39641.6,45162.1,1721.6,13968.8,42834.5,56839.4,65400.2,698.8,6681.9,20053.9,26506.2,30344.3,203.9,2253.8,8856.5,12473.1,13964.6,6004.0,52184.0,169797.0,218217.0,247177.0,5316.0,39919.0,108369.0,146364.0,169126.0,688.0,12265.0,61427.0,71853.0,78051.0,36.0,1032.0,1050.0,1106.0,1112.0,1100.0,"6438 Basile Rowe, East Syracuse",12.63,23.9
